h3_index,predicted_hour,predicted_severity,predicted_delta_v,risk_level
8860144a2dfffff,8,0.428,4.61,Medium
8860144a2dfffff,12,0.341,4.28,Medium
8860144a2dfffff,17,0.429,5.03,Medium
8860144a2dfffff,20,0.453,4.98,Medium
8860144b4dfffff,8,0.435,5.24,Medium
8860144b4dfffff,12,0.349,4.93,Medium
8860144b4dfffff,17,0.446,5.42,Medium
8860144b4dfffff,20,0.467,5.19,Medium
8860144b5bfffff,8,0.428,4.62,Medium
8860144b5bfffff,12,0.341,4.29,Medium
8860144b5bfffff,17,0.429,5.04,Medium
8860144b5bfffff,20,0.453,4.99,Medium
886014511dfffff,8,0.442,4.61,High
886014511dfffff,12,0.348,4.94,High
886014511dfffff,17,0.435,4.74,High
886014511dfffff,20,0.471,4.91,High
8860145121fffff,8,0.46,4.86,Low
8860145121fffff,12,0.362,5.08,Low
8860145121fffff,17,0.46,5.02,Low
8860145121fffff,20,0.489,5.23,Low
8860145123fffff,8,0.46,4.86,Medium
8860145123fffff,12,0.362,5.08,Medium
8860145123fffff,17,0.46,5.02,Medium
8860145123fffff,20,0.489,5.23,Medium
8860145125fffff,8,0.448,4.7,Low
8860145125fffff,12,0.356,4.76,Low
8860145125fffff,17,0.44,4.75,Low
8860145125fffff,20,0.466,4.97,Low
8860145127fffff,8,0.462,4.74,High
8860145127fffff,12,0.37,4.96,High
8860145127fffff,17,0.463,4.9,High
8860145127fffff,20,0.485,5.07,High
8860145129fffff,8,0.448,4.25,Medium
8860145129fffff,12,0.354,4.31,Medium
8860145129fffff,17,0.441,4.11,Medium
8860145129fffff,20,0.463,4.01,Medium
886014512bfffff,8,0.454,4.26,Critical
886014512bfffff,12,0.36,4.48,Critical
886014512bfffff,17,0.456,4.24,Critical
886014512bfffff,20,0.482,4.08,Critical
8860145141fffff,8,0.428,4.9,High
8860145141fffff,12,0.333,5.16,High
8860145141fffff,17,0.419,4.8,High
8860145141fffff,20,0.45,4.93,High
8860145149fffff,8,0.424,4.44,Critical
8860145149fffff,12,0.337,4.64,Critical
8860145149fffff,17,0.439,4.5,Critical
8860145149fffff,20,0.473,4.52,Critical
886014514dfffff,8,0.422,4.66,Critical
886014514dfffff,12,0.344,4.94,Critical
886014514dfffff,17,0.415,4.7,Critical
886014514dfffff,20,0.449,4.8,Critical
8860145165fffff,8,0.448,4.5,High
8860145165fffff,12,0.358,4.59,High
8860145165fffff,17,0.442,4.29,High
8860145165fffff,20,0.46,4.06,High
8860145187fffff,8,0.435,3.89,Low
8860145187fffff,12,0.347,4.15,Low
8860145187fffff,17,0.43,3.8,Low
8860145187fffff,20,0.472,3.84,Low
88601451bdfffff,8,0.435,4.03,Low
88601451bdfffff,12,0.347,4.22,Low
88601451bdfffff,17,0.43,3.84,Low
88601451bdfffff,20,0.472,3.92,Low
88601451d7fffff,8,0.422,4.39,Low
88601451d7fffff,12,0.334,4.64,Low
88601451d7fffff,17,0.415,4.4,Low
88601451d7fffff,20,0.46,4.81,Low
8860145335fffff,8,0.428,4.72,Medium
8860145335fffff,12,0.333,4.97,Medium
8860145335fffff,17,0.437,4.61,Medium
8860145335fffff,20,0.475,4.74,Medium
8860145803fffff,8,0.468,5.17,Critical
8860145803fffff,12,0.363,5.05,Critical
8860145803fffff,17,0.456,5.63,Critical
8860145803fffff,20,0.47,5.43,Critical
8860145809fffff,8,0.462,4.56,Low
8860145809fffff,12,0.366,4.24,Low
8860145809fffff,17,0.454,4.92,Low
8860145809fffff,20,0.453,4.77,Low
886014580bfffff,8,0.467,4.99,Critical
886014580bfffff,12,0.366,4.82,Critical
886014580bfffff,17,0.461,5.45,Critical
886014580bfffff,20,0.468,5.25,Critical
886014580dfffff,8,0.472,4.71,Critical
886014580dfffff,12,0.365,4.87,Critical
886014580dfffff,17,0.462,5.06,Critical
886014580dfffff,20,0.455,5.13,Critical
8860145811fffff,8,0.437,5.18,Medium
8860145811fffff,12,0.345,5.02,Medium
8860145811fffff,17,0.425,5.66,Medium
8860145811fffff,20,0.454,5.48,Medium
8860145813fffff,8,0.431,5.01,Critical
8860145813fffff,12,0.345,4.85,Critical
8860145813fffff,17,0.426,5.49,Critical
8860145813fffff,20,0.455,5.3,Critical
8860145817fffff,8,0.43,5.17,Critical
8860145817fffff,12,0.334,5.38,Critical
8860145817fffff,17,0.424,5.62,Critical
8860145817fffff,20,0.45,5.56,Critical
886014581bfffff,8,0.432,5.09,Medium
886014581bfffff,12,0.353,4.66,Medium
886014581bfffff,17,0.436,5.37,Medium
886014581bfffff,20,0.47,5.33,Medium
886014581dfffff,8,0.468,5.17,High
886014581dfffff,12,0.367,5.05,High
886014581dfffff,17,0.457,5.63,High
886014581dfffff,20,0.47,5.43,High
8860145825fffff,8,0.453,4.71,Critical
8860145825fffff,12,0.351,4.37,Critical
8860145825fffff,17,0.458,4.92,Critical
8860145825fffff,20,0.46,4.79,Critical
8860145827fffff,8,0.457,4.38,Low
8860145827fffff,12,0.355,4.2,Low
8860145827fffff,17,0.464,4.66,Low
8860145827fffff,20,0.465,4.54,Low
8860145829fffff,8,0.469,5.12,High
8860145829fffff,12,0.367,5.15,High
8860145829fffff,17,0.466,5.32,High
8860145829fffff,20,0.457,5.34,High
886014582dfffff,8,0.46,5.4,High
886014582dfffff,12,0.361,5.49,High
886014582dfffff,17,0.46,5.47,High
886014582dfffff,20,0.455,5.4,High
8860145837fffff,8,0.441,4.88,Medium
8860145837fffff,12,0.351,5.05,Medium
8860145837fffff,17,0.435,5.22,Medium
8860145837fffff,20,0.451,5.22,Medium
886014583dfffff,8,0.469,5.01,Critical
886014583dfffff,12,0.368,5.17,Critical
886014583dfffff,17,0.462,5.33,Critical
886014583dfffff,20,0.468,5.18,Critical
8860145841fffff,8,0.447,5.71,High
8860145841fffff,12,0.355,5.26,High
8860145841fffff,17,0.45,5.85,High
8860145841fffff,20,0.474,5.77,High
8860145843fffff,8,0.455,5.02,Medium
8860145843fffff,12,0.365,4.43,Medium
8860145843fffff,17,0.456,5.17,Medium
8860145843fffff,20,0.469,5.09,Medium
8860145845fffff,8,0.435,6.27,High
8860145845fffff,12,0.371,6.07,High
8860145845fffff,17,0.428,6.23,High
8860145845fffff,20,0.444,5.98,High
8860145847fffff,8,0.46,5.32,Critical
8860145847fffff,12,0.37,5.04,Critical
8860145847fffff,17,0.453,5.46,Critical
8860145847fffff,20,0.457,5.3,Critical
8860145849fffff,8,0.444,5.86,Medium
8860145849fffff,12,0.379,6.11,Medium
8860145849fffff,17,0.446,5.84,Medium
8860145849fffff,20,0.46,5.61,Medium
886014584bfffff,8,0.465,4.7,High
886014584bfffff,12,0.372,4.28,High
886014584bfffff,17,0.461,5.04,High
886014584bfffff,20,0.465,4.9,High
886014584dfffff,8,0.447,5.84,High
886014584dfffff,12,0.365,5.36,High
886014584dfffff,17,0.448,5.85,High
886014584dfffff,20,0.475,5.82,High
8860145851fffff,8,0.469,4.68,Critical
8860145851fffff,12,0.379,4.41,Critical
8860145851fffff,17,0.475,5.12,Critical
8860145851fffff,20,0.485,4.93,Critical
8860145853fffff,8,0.462,4.91,Critical
8860145853fffff,12,0.373,5.21,Critical
8860145853fffff,17,0.464,5.12,Critical
8860145853fffff,20,0.484,4.93,Critical
8860145855fffff,8,0.46,5.09,High
8860145855fffff,12,0.369,4.66,High
8860145855fffff,17,0.467,5.55,High
8860145855fffff,20,0.496,5.38,High
8860145859fffff,8,0.449,5.08,High
8860145859fffff,12,0.366,5.31,High
8860145859fffff,17,0.464,5.31,High
8860145859fffff,20,0.479,5.26,High
886014585bfffff,8,0.449,4.93,High
886014585bfffff,12,0.367,5.23,High
886014585bfffff,17,0.456,5.23,High
886014585bfffff,20,0.477,4.94,High
8860145861fffff,8,0.444,5.26,Medium
8860145861fffff,12,0.358,5.37,Medium
8860145861fffff,17,0.442,5.31,Medium
8860145861fffff,20,0.441,5.07,Medium
8860145863fffff,8,0.469,4.76,Low
8860145863fffff,12,0.367,4.79,Low
8860145863fffff,17,0.463,5.07,Low
8860145863fffff,20,0.452,5.02,Low
8860145865fffff,8,0.444,4.65,Medium
8860145865fffff,12,0.359,4.7,Medium
8860145865fffff,17,0.457,4.67,Medium
8860145865fffff,20,0.463,4.6,Medium
8860145867fffff,8,0.458,5.5,Medium
8860145867fffff,12,0.357,5.58,Medium
8860145867fffff,17,0.457,5.57,Medium
8860145867fffff,20,0.452,5.47,Medium
8860145869fffff,8,0.457,5.43,High
8860145869fffff,12,0.369,5.83,High
8860145869fffff,17,0.454,5.64,High
8860145869fffff,20,0.462,5.67,High
886014586dfffff,8,0.426,5.55,High
886014586dfffff,12,0.339,5.72,High
886014586dfffff,17,0.43,5.62,High
886014586dfffff,20,0.444,5.53,High
88601458c5fffff,8,0.431,5.01,Critical
88601458c5fffff,12,0.345,4.85,Critical
88601458c5fffff,17,0.426,5.49,Critical
88601458c5fffff,20,0.455,5.3,Critical
88601458c7fffff,8,0.437,5.18,Low
88601458c7fffff,12,0.345,5.02,Low
88601458c7fffff,17,0.425,5.66,Low
88601458c7fffff,20,0.454,5.48,Low
88601458e5fffff,8,0.432,4.86,High
88601458e5fffff,12,0.341,5.03,High
88601458e5fffff,17,0.425,5.29,High
88601458e5fffff,20,0.453,5.14,High
88601458edfffff,8,0.438,4.98,Medium
88601458edfffff,12,0.347,5.23,Medium
88601458edfffff,17,0.431,5.31,Medium
88601458edfffff,20,0.449,5.15,Medium
8860145901fffff,8,0.429,4.96,High
8860145901fffff,12,0.353,4.7,High
8860145901fffff,17,0.471,5.03,High
8860145901fffff,20,0.485,4.85,High
8860145905fffff,8,0.432,5.35,High
8860145905fffff,12,0.356,4.9,High
8860145905fffff,17,0.46,5.49,High
8860145905fffff,20,0.462,5.27,High
8860145909fffff,8,0.426,4.98,Critical
8860145909fffff,12,0.343,4.72,Critical
8860145909fffff,17,0.479,5.02,Critical
8860145909fffff,20,0.507,4.83,Critical
886014590dfffff,8,0.43,5.4,Critical
886014590dfffff,12,0.352,5.14,Critical
886014590dfffff,17,0.454,5.45,Critical
886014590dfffff,20,0.458,5.25,Critical
8860145911fffff,8,0.458,4.65,Critical
8860145911fffff,12,0.356,4.25,Critical
8860145911fffff,17,0.461,4.96,Critical
8860145911fffff,20,0.469,4.84,Critical
8860145913fffff,8,0.453,4.55,Medium
8860145913fffff,12,0.351,4.3,Medium
8860145913fffff,17,0.459,4.96,Medium
8860145913fffff,20,0.468,4.84,Medium
8860145915fffff,8,0.451,4.54,Medium
8860145915fffff,12,0.349,4.14,Medium
8860145915fffff,17,0.457,4.84,Medium
8860145915fffff,20,0.466,4.73,Medium
8860145917fffff,8,0.457,4.54,High
8860145917fffff,12,0.361,4.14,High
8860145917fffff,17,0.459,4.84,High
8860145917fffff,20,0.462,4.73,High
8860145919fffff,8,0.443,4.64,Low
8860145919fffff,12,0.341,4.44,Low
8860145919fffff,17,0.446,4.74,Low
8860145919fffff,20,0.454,4.63,Low
886014591bfffff,8,0.457,4.37,Critical
886014591bfffff,12,0.355,4.04,Critical
886014591bfffff,17,0.464,4.54,Critical
886014591bfffff,20,0.465,4.42,Critical
886014591dfffff,8,0.435,5.05,Low
886014591dfffff,12,0.349,4.73,Low
886014591dfffff,17,0.441,5.2,Low
886014591dfffff,20,0.456,4.98,Low
8860145925fffff,8,0.437,5.51,High
8860145925fffff,12,0.355,5.07,High
8860145925fffff,17,0.473,5.65,High
8860145925fffff,20,0.459,5.42,High
886014592bfffff,8,0.439,5.03,Critical
886014592bfffff,12,0.362,4.58,Critical
886014592bfffff,17,0.485,5.19,Critical
886014592bfffff,20,0.503,4.98,Critical
886014592dfffff,8,0.437,5.59,Low
886014592dfffff,12,0.354,5.14,Low
886014592dfffff,17,0.474,5.73,Low
886014592dfffff,20,0.462,5.54,Low
8860145935fffff,8,0.452,5.38,High
8860145935fffff,12,0.356,4.92,High
8860145935fffff,17,0.459,5.66,High
8860145935fffff,20,0.46,5.51,High
8860145939fffff,8,0.436,5.09,High
8860145939fffff,12,0.356,4.59,High
8860145939fffff,17,0.442,5.34,High
8860145939fffff,20,0.451,5.08,High
886014593bfffff,8,0.459,4.59,Low
886014593bfffff,12,0.362,4.0,Low
886014593bfffff,17,0.459,4.99,Low
886014593bfffff,20,0.463,4.84,Low
886014593dfffff,8,0.434,5.32,High
886014593dfffff,12,0.355,4.81,High
886014593dfffff,17,0.441,5.57,High
886014593dfffff,20,0.449,5.31,High
8860145941fffff,8,0.422,4.95,High
8860145941fffff,12,0.328,4.8,High
8860145941fffff,17,0.465,4.98,High
8860145941fffff,20,0.461,4.78,High
8860145943fffff,8,0.427,4.81,Low
8860145943fffff,12,0.342,4.61,Low
8860145943fffff,17,0.455,4.77,Low
8860145943fffff,20,0.456,4.62,Low
8860145945fffff,8,0.437,5.05,Low
8860145945fffff,12,0.344,4.79,Low
8860145945fffff,17,0.479,5.12,Low
8860145945fffff,20,0.477,4.96,Low
8860145947fffff,8,0.441,4.77,High
8860145947fffff,12,0.352,4.57,High
8860145947fffff,17,0.48,4.73,High
8860145947fffff,20,0.476,4.58,High
8860145949fffff,8,0.435,5.62,High
8860145949fffff,12,0.344,5.76,High
8860145949fffff,17,0.469,5.7,High
8860145949fffff,20,0.465,5.54,High
886014594bfffff,8,0.429,5.46,Medium
886014594bfffff,12,0.344,5.55,Medium
886014594bfffff,17,0.457,5.47,Medium
886014594bfffff,20,0.452,5.36,Medium
886014594dfffff,8,0.423,4.91,Low
886014594dfffff,12,0.329,4.88,Low
886014594dfffff,17,0.442,5.01,Low
886014594dfffff,20,0.455,4.84,Low
8860145951fffff,8,0.44,4.66,High
8860145951fffff,12,0.358,4.75,High
8860145951fffff,17,0.46,4.63,High
8860145951fffff,20,0.467,4.69,High
8860145953fffff,8,0.441,5.43,High
8860145953fffff,12,0.343,5.52,High
8860145953fffff,17,0.448,5.5,High
8860145953fffff,20,0.446,5.43,High
8860145955fffff,8,0.438,4.39,Critical
8860145955fffff,12,0.353,4.19,Critical
8860145955fffff,17,0.459,4.36,Critical
8860145955fffff,20,0.472,4.28,Critical
8860145957fffff,8,0.421,5.24,Critical
8860145957fffff,12,0.357,5.03,Critical
8860145957fffff,17,0.435,5.07,Critical
8860145957fffff,20,0.452,4.86,Critical
8860145959fffff,8,0.441,5.11,Medium
8860145959fffff,12,0.36,5.21,Medium
8860145959fffff,17,0.474,5.09,Medium
8860145959fffff,20,0.487,4.95,Medium
886014595bfffff,8,0.442,5.72,Low
886014595bfffff,12,0.38,5.8,Low
886014595bfffff,17,0.445,5.54,Low
886014595bfffff,20,0.453,5.37,Low
886014595dfffff,8,0.431,5.8,Critical
886014595dfffff,12,0.351,5.89,Critical
886014595dfffff,17,0.451,5.75,Critical
886014595dfffff,20,0.458,5.6,Critical
8860145965fffff,8,0.431,5.66,High
8860145965fffff,12,0.344,5.37,High
8860145965fffff,17,0.445,5.86,High
8860145965fffff,20,0.462,5.65,High
8860145967fffff,8,0.442,5.36,Critical
8860145967fffff,12,0.356,4.91,Critical
8860145967fffff,17,0.48,5.5,Critical
8860145967fffff,20,0.469,5.27,Critical
8860145969fffff,8,0.427,5.35,Medium
8860145969fffff,12,0.34,5.25,Medium
8860145969fffff,17,0.44,5.45,Medium
8860145969fffff,20,0.462,5.27,Medium
886014596dfffff,8,0.423,5.53,High
886014596dfffff,12,0.335,5.22,High
886014596dfffff,17,0.436,5.73,High
886014596dfffff,20,0.454,5.59,High
8860145985fffff,8,0.43,4.36,Low
8860145985fffff,12,0.343,4.03,Low
8860145985fffff,17,0.426,4.78,Low
8860145985fffff,20,0.453,4.73,Low
8860145987fffff,8,0.43,4.36,High
8860145987fffff,12,0.343,4.03,High
8860145987fffff,17,0.426,4.78,High
8860145987fffff,20,0.453,4.73,High
886014598dfffff,8,0.43,4.42,Medium
886014598dfffff,12,0.343,4.23,Medium
886014598dfffff,17,0.426,4.79,Medium
886014598dfffff,20,0.453,4.77,Medium
88601459b1fffff,8,0.433,4.39,Medium
88601459b1fffff,12,0.346,4.06,Medium
88601459b1fffff,17,0.43,4.81,Medium
88601459b1fffff,20,0.454,4.76,Medium
88601459b3fffff,8,0.431,4.58,High
88601459b3fffff,12,0.345,4.25,High
88601459b3fffff,17,0.429,5.0,High
88601459b3fffff,20,0.453,4.95,High
88601459b9fffff,8,0.433,4.39,Critical
88601459b9fffff,12,0.346,4.06,Critical
88601459b9fffff,17,0.43,4.81,Critical
88601459b9fffff,20,0.454,4.76,Critical
88601459c1fffff,8,0.45,4.47,High
88601459c1fffff,12,0.348,4.35,High
88601459c1fffff,17,0.453,4.8,High
88601459c1fffff,20,0.468,4.69,High
88601459c5fffff,8,0.455,4.9,High
88601459c5fffff,12,0.353,4.71,High
88601459c5fffff,17,0.453,5.31,High
88601459c5fffff,20,0.473,5.19,High
88601459c9fffff,8,0.449,4.88,Critical
88601459c9fffff,12,0.347,4.7,Critical
88601459c9fffff,17,0.458,5.2,Critical
88601459c9fffff,20,0.465,5.06,Critical
88601459cdfffff,8,0.441,4.39,High
88601459cdfffff,12,0.339,4.21,High
88601459cdfffff,17,0.447,4.73,High
88601459cdfffff,20,0.461,4.61,High
88601459d9fffff,8,0.441,4.78,High
88601459d9fffff,12,0.351,4.94,High
88601459d9fffff,17,0.435,5.12,High
88601459d9fffff,20,0.451,5.11,High
88601459e1fffff,8,0.455,4.53,Critical
88601459e1fffff,12,0.36,4.14,Critical
88601459e1fffff,17,0.453,4.93,Critical
88601459e1fffff,20,0.469,4.78,Critical
88601459e3fffff,8,0.43,4.36,Low
88601459e3fffff,12,0.343,4.03,Low
88601459e3fffff,17,0.426,4.78,Low
88601459e3fffff,20,0.453,4.73,Low
88601459e7fffff,8,0.456,4.79,Medium
88601459e7fffff,12,0.361,4.4,Medium
88601459e7fffff,17,0.455,5.19,Medium
88601459e7fffff,20,0.469,5.04,Medium
88601459e9fffff,8,0.448,4.71,Medium
88601459e9fffff,12,0.346,4.46,Medium
88601459e9fffff,17,0.458,5.12,Medium
88601459e9fffff,20,0.471,5.0,Medium
88601459ebfffff,8,0.452,4.85,Medium
88601459ebfffff,12,0.357,4.66,Medium
88601459ebfffff,17,0.45,5.27,Medium
88601459ebfffff,20,0.466,5.15,Medium
88601459edfffff,8,0.459,4.6,High
88601459edfffff,12,0.363,4.17,High
88601459edfffff,17,0.461,5.11,High
88601459edfffff,20,0.465,4.96,High
8860145a01fffff,8,0.431,4.69,Low
8860145a01fffff,12,0.349,4.71,Low
8860145a01fffff,17,0.443,4.74,Low
8860145a01fffff,20,0.479,4.47,Low
8860145a03fffff,8,0.431,5.11,Medium
8860145a03fffff,12,0.352,5.11,Medium
8860145a03fffff,17,0.436,4.68,Medium
8860145a03fffff,20,0.453,4.82,Medium
8860145a07fffff,8,0.447,4.48,Critical
8860145a07fffff,12,0.369,4.57,Critical
8860145a07fffff,17,0.445,4.19,Critical
8860145a07fffff,20,0.46,4.6,Critical
8860145a09fffff,8,0.45,5.23,Medium
8860145a09fffff,12,0.361,5.24,Medium
8860145a09fffff,17,0.449,5.15,Medium
8860145a09fffff,20,0.475,5.02,Medium
8860145a0bfffff,8,0.441,4.49,Low
8860145a0bfffff,12,0.371,4.45,Low
8860145a0bfffff,17,0.441,4.29,Low
8860145a0bfffff,20,0.461,4.24,Low
8860145a0dfffff,8,0.432,4.88,High
8860145a0dfffff,12,0.351,4.89,High
8860145a0dfffff,17,0.444,4.93,High
8860145a0dfffff,20,0.46,4.65,High
8860145a11fffff,8,0.445,4.78,High
8860145a11fffff,12,0.361,4.81,High
8860145a11fffff,17,0.443,4.64,High
8860145a11fffff,20,0.459,4.88,High
8860145a13fffff,8,0.448,4.7,Critical
8860145a13fffff,12,0.355,4.72,Critical
8860145a13fffff,17,0.446,4.56,Critical
8860145a13fffff,20,0.461,4.8,Critical
8860145a15fffff,8,0.436,4.63,Critical
8860145a15fffff,12,0.35,4.5,Critical
8860145a15fffff,17,0.433,4.39,Critical
8860145a15fffff,20,0.453,4.63,Critical
8860145a17fffff,8,0.435,4.68,Critical
8860145a17fffff,12,0.351,4.7,Critical
8860145a17fffff,17,0.434,4.54,Critical
8860145a17fffff,20,0.456,4.78,Critical
8860145a1bfffff,8,0.461,4.71,Low
8860145a1bfffff,12,0.368,4.81,Low
8860145a1bfffff,17,0.459,4.73,Low
8860145a1bfffff,20,0.473,4.84,Low
8860145a1dfffff,8,0.429,5.11,Medium
8860145a1dfffff,12,0.345,5.11,Medium
8860145a1dfffff,17,0.432,4.68,Medium
8860145a1dfffff,20,0.452,4.82,Medium
8860145a21fffff,8,0.436,4.68,Medium
8860145a21fffff,12,0.358,4.9,Medium
8860145a21fffff,17,0.447,4.87,Medium
8860145a21fffff,20,0.461,4.69,Medium
8860145a23fffff,8,0.436,6.07,High
8860145a23fffff,12,0.368,6.29,High
8860145a23fffff,17,0.437,6.26,High
8860145a23fffff,20,0.455,6.07,High
8860145a25fffff,8,0.456,4.08,Low
8860145a25fffff,12,0.371,3.75,Low
8860145a25fffff,17,0.465,4.26,Low
8860145a25fffff,20,0.467,4.05,Low
8860145a27fffff,8,0.449,5.2,High
8860145a27fffff,12,0.367,4.66,High
8860145a27fffff,17,0.457,5.19,High
8860145a27fffff,20,0.475,5.01,High
8860145a29fffff,8,0.437,5.33,Critical
8860145a29fffff,12,0.359,5.56,Critical
8860145a29fffff,17,0.447,5.46,Critical
8860145a29fffff,20,0.461,5.19,Critical
8860145a2bfffff,8,0.435,4.83,Critical
8860145a2bfffff,12,0.357,4.89,Critical
8860145a2bfffff,17,0.431,4.8,Critical
8860145a2bfffff,20,0.45,4.83,Critical
8860145a2dfffff,8,0.437,5.13,Medium
8860145a2dfffff,12,0.353,5.35,Medium
8860145a2dfffff,17,0.443,5.36,Medium
8860145a2dfffff,20,0.454,5.17,Medium
8860145a31fffff,8,0.442,5.16,Medium
8860145a31fffff,12,0.357,5.24,Medium
8860145a31fffff,17,0.448,5.29,Medium
8860145a31fffff,20,0.459,5.28,Medium
8860145a33fffff,8,0.441,4.81,Low
8860145a33fffff,12,0.364,5.06,Low
8860145a33fffff,17,0.443,4.81,Low
8860145a33fffff,20,0.453,4.86,Low
8860145a35fffff,8,0.439,5.07,Medium
8860145a35fffff,12,0.356,5.28,Medium
8860145a35fffff,17,0.444,5.22,Medium
8860145a35fffff,20,0.454,5.07,Medium
8860145a39fffff,8,0.44,4.92,Critical
8860145a39fffff,12,0.356,5.01,Critical
8860145a39fffff,17,0.442,4.46,Critical
8860145a39fffff,20,0.456,4.77,Critical
8860145a3bfffff,8,0.446,4.43,High
8860145a3bfffff,12,0.365,4.38,High
8860145a3bfffff,17,0.444,4.11,High
8860145a3bfffff,20,0.461,4.52,High
8860145a3dfffff,8,0.438,4.67,Low
8860145a3dfffff,12,0.38,4.71,Low
8860145a3dfffff,17,0.443,4.55,Low
8860145a3dfffff,20,0.459,4.56,Low
8860145a41fffff,8,0.451,5.62,High
8860145a41fffff,12,0.353,5.68,High
8860145a41fffff,17,0.47,5.81,High
8860145a41fffff,20,0.475,5.54,High
8860145a43fffff,8,0.456,4.85,High
8860145a43fffff,12,0.368,4.86,High
8860145a43fffff,17,0.465,4.94,High
8860145a43fffff,20,0.474,4.68,High
8860145a45fffff,8,0.439,5.42,Medium
8860145a45fffff,12,0.349,5.48,Medium
8860145a45fffff,17,0.458,5.53,Medium
8860145a45fffff,20,0.464,5.25,Medium
8860145a47fffff,8,0.443,5.03,High
8860145a47fffff,12,0.358,5.04,High
8860145a47fffff,17,0.456,5.08,High
8860145a47fffff,20,0.46,4.84,High
8860145a49fffff,8,0.448,5.26,Low
8860145a49fffff,12,0.35,5.35,Low
8860145a49fffff,17,0.457,5.47,Low
8860145a49fffff,20,0.468,5.17,Low
8860145a4bfffff,8,0.45,5.41,High
8860145a4bfffff,12,0.352,5.5,High
8860145a4bfffff,17,0.461,5.61,High
8860145a4bfffff,20,0.459,5.34,High
8860145a4dfffff,8,0.452,4.98,High
8860145a4dfffff,12,0.353,4.99,High
8860145a4dfffff,17,0.472,5.09,High
8860145a4dfffff,20,0.479,4.76,High
8860145a51fffff,8,0.457,5.02,Critical
8860145a51fffff,12,0.369,5.07,Critical
8860145a51fffff,17,0.445,4.95,Critical
8860145a51fffff,20,0.461,5.04,Critical
8860145a55fffff,8,0.455,5.11,Medium
8860145a55fffff,12,0.366,5.13,Medium
8860145a55fffff,17,0.463,5.08,Medium
8860145a55fffff,20,0.492,4.94,Medium
8860145a5bfffff,8,0.447,4.92,Low
8860145a5bfffff,12,0.352,5.11,Low
8860145a5bfffff,17,0.441,4.78,Low
8860145a5bfffff,20,0.459,4.95,Low
8860145a61fffff,8,0.441,4.84,High
8860145a61fffff,12,0.351,4.94,High
8860145a61fffff,17,0.464,4.88,High
8860145a61fffff,20,0.472,4.73,High
8860145a63fffff,8,0.442,4.78,Low
8860145a63fffff,12,0.357,4.88,Low
8860145a63fffff,17,0.458,4.8,Low
8860145a63fffff,20,0.463,4.74,Low
8860145a65fffff,8,0.444,5.3,High
8860145a65fffff,12,0.36,5.54,High
8860145a65fffff,17,0.456,5.46,High
8860145a65fffff,20,0.464,5.16,High
8860145a67fffff,8,0.437,5.85,High
8860145a67fffff,12,0.35,6.12,High
8860145a67fffff,17,0.461,6.06,High
8860145a67fffff,20,0.465,5.78,High
8860145a69fffff,8,0.433,5.18,Medium
8860145a69fffff,12,0.343,5.19,Medium
8860145a69fffff,17,0.449,5.29,Medium
8860145a69fffff,20,0.465,5.09,Medium
8860145a6bfffff,8,0.429,5.38,High
8860145a6bfffff,12,0.337,5.45,High
8860145a6bfffff,17,0.451,5.5,High
8860145a6bfffff,20,0.462,5.22,High
8860145a6dfffff,8,0.44,4.86,Medium
8860145a6dfffff,12,0.349,5.11,Medium
8860145a6dfffff,17,0.446,4.94,Medium
8860145a6dfffff,20,0.469,4.88,Medium
8860145a85fffff,8,0.432,4.27,Medium
8860145a85fffff,12,0.354,4.44,Medium
8860145a85fffff,17,0.431,4.07,Medium
8860145a85fffff,20,0.468,4.67,Medium
8860145a87fffff,8,0.432,4.27,Medium
8860145a87fffff,12,0.358,4.44,Medium
8860145a87fffff,17,0.431,4.07,Medium
8860145a87fffff,20,0.468,4.67,Medium
8860145a89fffff,8,0.434,4.55,Critical
8860145a89fffff,12,0.349,4.63,Critical
8860145a89fffff,17,0.433,4.39,Critical
8860145a89fffff,20,0.469,4.81,Critical
8860145a8dfffff,8,0.422,4.3,Critical
8860145a8dfffff,12,0.343,4.38,Critical
8860145a8dfffff,17,0.423,4.14,Critical
8860145a8dfffff,20,0.464,4.56,Critical
8860145aa5fffff,8,0.434,4.8,Critical
8860145aa5fffff,12,0.354,5.09,Critical
8860145aa5fffff,17,0.436,5.07,Critical
8860145aa5fffff,20,0.465,4.98,Critical
8860145aadfffff,8,0.423,4.88,High
8860145aadfffff,12,0.348,5.11,High
8860145aadfffff,17,0.43,5.28,High
8860145aadfffff,20,0.461,5.08,High
8860145ac1fffff,8,0.447,4.42,Critical
8860145ac1fffff,12,0.362,4.58,Critical
8860145ac1fffff,17,0.448,4.41,Critical
8860145ac1fffff,20,0.482,4.81,Critical
8860145ac3fffff,8,0.442,4.41,Critical
8860145ac3fffff,12,0.357,4.57,Critical
8860145ac3fffff,17,0.443,4.4,Critical
8860145ac3fffff,20,0.479,4.8,Critical
8860145acbfffff,8,0.443,4.47,Low
8860145acbfffff,12,0.358,4.67,Low
8860145acbfffff,17,0.437,4.5,Low
8860145acbfffff,20,0.476,4.9,Low
8860145ad1fffff,8,0.435,4.45,Medium
8860145ad1fffff,12,0.35,4.64,Medium
8860145ad1fffff,17,0.429,4.47,Medium
8860145ad1fffff,20,0.476,4.88,Medium
8860145ad5fffff,8,0.447,4.42,High
8860145ad5fffff,12,0.362,4.58,High
8860145ad5fffff,17,0.448,4.41,High
8860145ad5fffff,20,0.482,4.81,High
8860145ad9fffff,8,0.435,4.49,Critical
8860145ad9fffff,12,0.35,4.68,Critical
8860145ad9fffff,17,0.429,4.51,Critical
8860145ad9fffff,20,0.476,4.92,Critical
8860145ae3fffff,8,0.432,4.27,High
8860145ae3fffff,12,0.354,4.44,High
8860145ae3fffff,17,0.431,4.07,High
8860145ae3fffff,20,0.468,4.67,High
8860145ae5fffff,8,0.449,5.1,Critical
8860145ae5fffff,12,0.366,5.34,Critical
8860145ae5fffff,17,0.464,5.49,Critical
8860145ae5fffff,20,0.479,5.2,Critical
8860145b01fffff,8,0.439,5.34,Critical
8860145b01fffff,12,0.338,5.45,Critical
8860145b01fffff,17,0.442,5.52,Critical
8860145b01fffff,20,0.457,5.52,Critical
8860145b03fffff,8,0.428,4.93,Low
8860145b03fffff,12,0.323,5.22,Low
8860145b03fffff,17,0.468,5.04,Low
8860145b03fffff,20,0.458,5.07,Low
8860145b05fffff,8,0.428,5.33,Low
8860145b05fffff,12,0.33,5.54,Low
8860145b05fffff,17,0.439,5.24,Low
8860145b05fffff,20,0.463,4.92,Low
8860145b07fffff,8,0.437,5.42,High
8860145b07fffff,12,0.341,5.59,High
8860145b07fffff,17,0.446,5.45,High
8860145b07fffff,20,0.457,5.29,High
8860145b09fffff,8,0.438,5.15,High
8860145b09fffff,12,0.347,5.11,High
8860145b09fffff,17,0.439,5.28,High
8860145b09fffff,20,0.455,4.98,High
8860145b0bfffff,8,0.439,5.32,Medium
8860145b0bfffff,12,0.347,5.28,Medium
8860145b0bfffff,17,0.441,5.49,Medium
8860145b0bfffff,20,0.459,5.29,Medium
8860145b0dfffff,8,0.442,5.29,Critical
8860145b0dfffff,12,0.337,5.62,Critical
8860145b0dfffff,17,0.447,5.32,Critical
8860145b0dfffff,20,0.464,5.07,Critical
8860145b11fffff,8,0.438,5.43,Medium
8860145b11fffff,12,0.349,5.25,Medium
8860145b11fffff,17,0.439,5.54,Medium
8860145b11fffff,20,0.448,5.32,Medium
8860145b13fffff,8,0.436,5.28,High
8860145b13fffff,12,0.352,5.1,High
8860145b13fffff,17,0.442,5.39,High
8860145b13fffff,20,0.47,5.16,High
8860145b15fffff,8,0.436,5.45,High
8860145b15fffff,12,0.34,5.4,High
8860145b15fffff,17,0.437,5.57,High
8860145b15fffff,20,0.447,5.6,High
8860145b17fffff,8,0.426,5.33,High
8860145b17fffff,12,0.329,5.62,High
8860145b17fffff,17,0.453,5.43,High
8860145b17fffff,20,0.449,5.42,High
8860145b19fffff,8,0.441,5.52,Critical
8860145b19fffff,12,0.356,5.07,Critical
8860145b19fffff,17,0.456,5.63,Critical
8860145b19fffff,20,0.475,5.43,Critical
8860145b1bfffff,8,0.439,5.15,Low
8860145b1bfffff,12,0.358,4.7,Low
8860145b1bfffff,17,0.454,5.26,Low
8860145b1bfffff,20,0.495,5.1,Low
8860145b1dfffff,8,0.436,5.45,High
8860145b1dfffff,12,0.349,5.22,High
8860145b1dfffff,17,0.45,5.53,High
8860145b1dfffff,20,0.457,5.29,High
8860145b23fffff,8,0.435,5.31,Critical
8860145b23fffff,12,0.344,5.4,Critical
8860145b23fffff,17,0.458,5.34,Critical
8860145b23fffff,20,0.467,5.23,Critical
8860145b25fffff,8,0.431,5.42,Medium
8860145b25fffff,12,0.34,5.65,Medium
8860145b25fffff,17,0.447,5.4,Medium
8860145b25fffff,20,0.462,5.11,Medium
8860145b27fffff,8,0.425,5.15,Medium
8860145b27fffff,12,0.333,5.1,Medium
8860145b27fffff,17,0.444,5.26,Medium
8860145b27fffff,20,0.455,5.14,Medium
8860145b29fffff,8,0.439,5.51,Medium
8860145b29fffff,12,0.346,5.82,Medium
8860145b29fffff,17,0.452,5.42,Medium
8860145b29fffff,20,0.463,5.21,Medium
8860145b2bfffff,8,0.427,6.19,Critical
8860145b2bfffff,12,0.335,6.5,Critical
8860145b2bfffff,17,0.448,6.19,Critical
8860145b2bfffff,20,0.457,6.18,Critical
8860145b2dfffff,8,0.442,5.39,Low
8860145b2dfffff,12,0.354,5.41,Low
8860145b2dfffff,17,0.455,5.37,Low
8860145b2dfffff,20,0.464,5.08,Low
8860145b31fffff,8,0.435,5.31,Critical
8860145b31fffff,12,0.35,5.4,Critical
8860145b31fffff,17,0.448,5.35,Critical
8860145b31fffff,20,0.454,5.2,Critical
8860145b33fffff,8,0.432,5.25,Critical
8860145b33fffff,12,0.349,5.34,Critical
8860145b33fffff,17,0.449,5.29,Critical
8860145b33fffff,20,0.455,5.1,Critical
8860145b35fffff,8,0.438,5.47,High
8860145b35fffff,12,0.347,5.57,High
8860145b35fffff,17,0.471,5.48,High
8860145b35fffff,20,0.46,5.33,High
8860145b37fffff,8,0.435,5.9,Critical
8860145b37fffff,12,0.352,5.99,Critical
8860145b37fffff,17,0.45,5.85,Critical
8860145b37fffff,20,0.458,5.71,Critical
8860145b39fffff,8,0.423,5.86,High
8860145b39fffff,12,0.331,6.08,High
8860145b39fffff,17,0.447,5.9,High
8860145b39fffff,20,0.453,5.68,High
8860145b3bfffff,8,0.436,5.4,High
8860145b3bfffff,12,0.351,5.57,High
8860145b3bfffff,17,0.442,5.36,High
8860145b3bfffff,20,0.45,5.15,High
8860145b3dfffff,8,0.435,5.29,Medium
8860145b3dfffff,12,0.343,5.46,Medium
8860145b3dfffff,17,0.464,5.35,Medium
8860145b3dfffff,20,0.458,5.23,Medium
8860145b41fffff,8,0.444,4.9,Critical
8860145b41fffff,12,0.356,4.38,Critical
8860145b41fffff,17,0.456,4.89,Critical
8860145b41fffff,20,0.49,4.53,Critical
8860145b43fffff,8,0.443,3.96,Critical
8860145b43fffff,12,0.352,3.67,Critical
8860145b43fffff,17,0.454,3.93,Critical
8860145b43fffff,20,0.485,3.53,Critical
8860145b45fffff,8,0.438,5.0,Medium
8860145b45fffff,12,0.35,4.74,Medium
8860145b45fffff,17,0.438,5.06,Medium
8860145b45fffff,20,0.457,4.67,Medium
8860145b47fffff,8,0.438,5.27,High
8860145b47fffff,12,0.346,4.91,High
8860145b47fffff,17,0.439,5.22,High
8860145b47fffff,20,0.458,4.83,High
8860145b49fffff,8,0.452,4.88,Medium
8860145b49fffff,12,0.363,5.07,Medium
8860145b49fffff,17,0.464,4.95,Medium
8860145b49fffff,20,0.479,4.65,Medium
8860145b4bfffff,8,0.45,5.21,Low
8860145b4bfffff,12,0.362,5.36,Low
8860145b4bfffff,17,0.459,5.12,Low
8860145b4bfffff,20,0.477,4.82,Low
8860145b4dfffff,8,0.44,4.88,Low
8860145b4dfffff,12,0.347,4.45,Low
8860145b4dfffff,17,0.43,4.76,Low
8860145b4dfffff,20,0.455,4.5,Low
8860145b51fffff,8,0.456,4.89,Critical
8860145b51fffff,12,0.361,5.16,Critical
8860145b51fffff,17,0.469,5.05,Critical
8860145b51fffff,20,0.47,4.82,Critical
8860145b53fffff,8,0.436,5.85,Critical
8860145b53fffff,12,0.349,5.55,Critical
8860145b53fffff,17,0.459,6.06,Critical
8860145b53fffff,20,0.456,5.9,Critical
8860145b55fffff,8,0.438,5.07,Critical
8860145b55fffff,12,0.346,4.75,Critical
8860145b55fffff,17,0.443,5.23,Critical
8860145b55fffff,20,0.473,5.06,Critical
8860145b57fffff,8,0.45,5.24,Low
8860145b57fffff,12,0.359,4.8,Low
8860145b57fffff,17,0.471,5.31,Low
8860145b57fffff,20,0.484,5.19,Low
8860145b59fffff,8,0.426,6.17,Critical
8860145b59fffff,12,0.339,6.56,Critical
8860145b59fffff,17,0.431,6.42,Critical
8860145b59fffff,20,0.443,6.28,Critical
8860145b5bfffff,8,0.451,4.85,Critical
8860145b5bfffff,12,0.362,5.07,Critical
8860145b5bfffff,17,0.474,5.06,Critical
8860145b5bfffff,20,0.467,4.78,Critical
8860145b5dfffff,8,0.449,5.12,Critical
8860145b5dfffff,12,0.356,4.91,Critical
8860145b5dfffff,17,0.453,5.17,Critical
8860145b5dfffff,20,0.467,4.96,Critical
8860145b61fffff,8,0.428,5.22,Low
8860145b61fffff,12,0.34,5.32,Low
8860145b61fffff,17,0.439,5.23,Low
8860145b61fffff,20,0.458,4.96,Low
8860145b63fffff,8,0.438,5.28,Medium
8860145b63fffff,12,0.341,5.59,Medium
8860145b63fffff,17,0.441,5.19,Medium
8860145b63fffff,20,0.466,4.83,Medium
8860145b67fffff,8,0.449,5.45,Critical
8860145b67fffff,12,0.35,5.55,Critical
8860145b67fffff,17,0.453,5.36,Critical
8860145b67fffff,20,0.463,5.16,Critical
8860145b69fffff,8,0.438,5.32,Critical
8860145b69fffff,12,0.346,5.04,Critical
8860145b69fffff,17,0.438,5.31,Critical
8860145b69fffff,20,0.457,5.13,Critical
8860145b6bfffff,8,0.44,5.1,Medium
8860145b6bfffff,12,0.347,4.98,Medium
8860145b6bfffff,17,0.442,5.15,Medium
8860145b6bfffff,20,0.459,5.0,Medium
8860145b6dfffff,8,0.43,5.44,Low
8860145b6dfffff,12,0.343,5.52,Low
8860145b6dfffff,17,0.439,5.29,Low
8860145b6dfffff,20,0.459,4.93,Low
8860169009fffff,8,0.484,3.47,Low
8860169009fffff,12,0.282,3.27,Low
8860169009fffff,17,0.451,3.28,Low
8860169009fffff,20,0.525,3.15,Low
886016900dfffff,8,0.468,3.17,Low
886016900dfffff,12,0.271,2.98,Low
886016900dfffff,17,0.45,3.32,Low
886016900dfffff,20,0.496,3.29,Low
8860169015fffff,8,0.471,2.9,Low
8860169015fffff,12,0.257,2.68,Low
8860169015fffff,17,0.444,2.96,Low
8860169015fffff,20,0.506,2.9,Low
8860169019fffff,8,0.471,3.36,Critical
8860169019fffff,12,0.255,3.09,Critical
8860169019fffff,17,0.433,3.53,Critical
8860169019fffff,20,0.496,3.48,Critical
886016901dfffff,8,0.466,3.39,High
886016901dfffff,12,0.256,3.21,High
886016901dfffff,17,0.421,3.5,High
886016901dfffff,20,0.475,3.54,High
8860169047fffff,8,0.468,3.17,Low
8860169047fffff,12,0.271,2.98,Low
8860169047fffff,17,0.45,3.32,Low
8860169047fffff,20,0.496,3.29,Low
8860169051fffff,8,0.458,4.05,Medium
8860169051fffff,12,0.243,3.8,Medium
8860169051fffff,17,0.423,4.24,Medium
8860169051fffff,20,0.473,4.31,Medium
8860169053fffff,8,0.46,3.54,High
8860169053fffff,12,0.331,3.27,High
8860169053fffff,17,0.413,3.71,High
8860169053fffff,20,0.47,3.64,High
8860169055fffff,8,0.454,4.01,Medium
8860169055fffff,12,0.241,3.77,Medium
8860169055fffff,17,0.421,4.2,Medium
8860169055fffff,20,0.471,4.1,Medium
8860169057fffff,8,0.463,3.66,Medium
8860169057fffff,12,0.33,3.4,Medium
8860169057fffff,17,0.427,3.84,Medium
8860169057fffff,20,0.47,3.81,Medium
886016905dfffff,8,0.436,4.0,Medium
886016905dfffff,12,0.325,3.72,Medium
886016905dfffff,17,0.402,4.16,Medium
886016905dfffff,20,0.452,3.97,Medium
886016906bfffff,8,0.455,3.74,Medium
886016906bfffff,12,0.259,3.54,Medium
886016906bfffff,17,0.439,3.89,Medium
886016906bfffff,20,0.466,3.91,Medium
88601690c3fffff,8,0.455,3.14,Low
88601690c3fffff,12,0.268,2.89,Low
88601690c3fffff,17,0.475,3.17,Low
88601690c3fffff,20,0.491,3.07,Low
88601690c7fffff,8,0.456,3.28,High
88601690c7fffff,12,0.266,3.04,High
88601690c7fffff,17,0.473,3.32,High
88601690c7fffff,20,0.49,3.21,High
88601690d9fffff,8,0.465,3.71,Low
88601690d9fffff,12,0.36,3.38,Low
88601690d9fffff,17,0.473,3.81,Low
88601690d9fffff,20,0.484,3.63,Low
88601690e9fffff,8,0.487,2.82,Low
88601690e9fffff,12,0.256,2.57,Low
88601690e9fffff,17,0.467,2.85,Low
88601690e9fffff,20,0.51,2.82,Low
8860169103fffff,8,0.471,4.1,Low
8860169103fffff,12,0.272,3.86,Low
8860169103fffff,17,0.429,4.2,Low
8860169103fffff,20,0.451,4.09,Low
8860169107fffff,8,0.477,4.42,Medium
8860169107fffff,12,0.281,4.18,Medium
8860169107fffff,17,0.428,4.42,Medium
8860169107fffff,20,0.461,4.31,Medium
8860169119fffff,8,0.468,3.17,Low
8860169119fffff,12,0.271,2.98,Low
8860169119fffff,17,0.45,3.32,Low
8860169119fffff,20,0.496,3.29,Low
886016911bfffff,8,0.468,3.17,Low
886016911bfffff,12,0.271,2.98,Low
886016911bfffff,17,0.45,3.32,Low
886016911bfffff,20,0.496,3.29,Low
886016911dfffff,8,0.463,3.8,Low
886016911dfffff,12,0.273,3.56,Low
886016911dfffff,17,0.424,3.9,Low
886016911dfffff,20,0.443,3.85,Low
8860169221fffff,8,0.474,5.11,Low
8860169221fffff,12,0.359,4.78,Low
8860169221fffff,17,0.423,5.17,Low
8860169221fffff,20,0.459,4.99,Low
88601692a5fffff,8,0.478,3.26,Medium
88601692a5fffff,12,0.347,2.9,Medium
88601692a5fffff,17,0.447,3.33,Medium
88601692a5fffff,20,0.511,3.22,Medium
886016944dfffff,8,0.448,4.3,Low
886016944dfffff,12,0.338,3.87,Low
886016944dfffff,17,0.504,4.53,Low
886016944dfffff,20,0.51,4.4,Low
8860169601fffff,8,0.447,5.0,Medium
8860169601fffff,12,0.336,4.71,Medium
8860169601fffff,17,0.481,5.2,Medium
8860169601fffff,20,0.492,5.02,Medium
8860169603fffff,8,0.454,4.97,Medium
8860169603fffff,12,0.344,4.54,Medium
8860169603fffff,17,0.518,5.16,Medium
8860169603fffff,20,0.503,5.02,Medium
8860169605fffff,8,0.444,5.13,Medium
8860169605fffff,12,0.332,4.84,Medium
8860169605fffff,17,0.481,5.28,Medium
8860169605fffff,20,0.503,5.01,Medium
8860169609fffff,8,0.427,6.15,Medium
8860169609fffff,12,0.339,5.86,Medium
8860169609fffff,17,0.447,6.01,Medium
8860169609fffff,20,0.471,5.53,Medium
886016960dfffff,8,0.446,5.25,Medium
886016960dfffff,12,0.333,4.96,Medium
886016960dfffff,17,0.483,5.39,Medium
886016960dfffff,20,0.503,5.13,Medium
8860169619fffff,8,0.437,5.51,High
8860169619fffff,12,0.35,5.07,High
8860169619fffff,17,0.478,5.65,High
8860169619fffff,20,0.465,5.42,High
886016961bfffff,8,0.434,6.13,Medium
886016961bfffff,12,0.357,5.69,Medium
886016961bfffff,17,0.483,6.02,Medium
886016961bfffff,20,0.499,5.62,Medium
8860169621fffff,8,0.447,5.09,Low
8860169621fffff,12,0.337,4.82,Low
8860169621fffff,17,0.483,5.15,Low
8860169621fffff,20,0.501,4.98,Low
8860169627fffff,8,0.442,4.46,Low
8860169627fffff,12,0.333,4.19,Low
8860169627fffff,17,0.488,4.7,Low
8860169627fffff,20,0.503,4.53,Low
886016962bfffff,8,0.447,5.01,High
886016962bfffff,12,0.337,4.75,High
886016962bfffff,17,0.484,5.08,High
886016962bfffff,20,0.5,4.9,High
8860169643fffff,8,0.429,6.03,Low
8860169643fffff,12,0.341,5.74,Low
8860169643fffff,17,0.449,5.89,Low
8860169643fffff,20,0.47,5.41,Low
8860169645fffff,8,0.424,6.62,Critical
8860169645fffff,12,0.341,5.97,Critical
8860169645fffff,17,0.441,6.39,Critical
8860169645fffff,20,0.463,5.91,Critical
8860169649fffff,8,0.436,5.55,High
8860169649fffff,12,0.342,4.97,High
8860169649fffff,17,0.445,5.56,High
8860169649fffff,20,0.465,5.26,High
886016964bfffff,8,0.422,5.33,High
886016964bfffff,12,0.337,4.89,High
886016964bfffff,17,0.44,5.35,High
886016964bfffff,20,0.461,5.04,High
8860169659fffff,8,0.426,5.5,Low
8860169659fffff,12,0.341,5.23,Low
8860169659fffff,17,0.443,5.7,Low
8860169659fffff,20,0.457,5.49,Low
886016965bfffff,8,0.436,5.23,High
886016965bfffff,12,0.349,4.78,High
886016965bfffff,17,0.464,5.39,High
886016965bfffff,20,0.471,5.22,High
886016965dfffff,8,0.425,5.4,Low
886016965dfffff,12,0.336,5.11,Low
886016965dfffff,17,0.441,5.51,Low
886016965dfffff,20,0.463,5.21,Low
8860169661fffff,8,0.435,5.19,Low
8860169661fffff,12,0.328,4.68,Low
8860169661fffff,17,0.439,5.23,Low
8860169661fffff,20,0.464,4.96,Low
8860169663fffff,8,0.446,5.25,Critical
8860169663fffff,12,0.333,4.96,Critical
8860169663fffff,17,0.483,5.39,Critical
8860169663fffff,20,0.503,5.13,Critical
8860169665fffff,8,0.436,5.22,Low
8860169665fffff,12,0.333,4.99,Low
8860169665fffff,17,0.44,5.25,Low
8860169665fffff,20,0.463,4.99,Low
8860169669fffff,8,0.435,5.19,High
8860169669fffff,12,0.328,4.68,High
8860169669fffff,17,0.439,5.23,High
8860169669fffff,20,0.464,4.96,High
886016966bfffff,8,0.437,5.45,Medium
886016966bfffff,12,0.332,4.8,Medium
886016966bfffff,17,0.471,5.55,Medium
886016966bfffff,20,0.495,5.28,Medium
886016966dfffff,8,0.434,5.19,Low
886016966dfffff,12,0.309,4.68,Low
886016966dfffff,17,0.439,5.23,Low
886016966dfffff,20,0.462,4.96,Low
8860169699fffff,8,0.457,4.7,Critical
8860169699fffff,12,0.362,4.33,Critical
8860169699fffff,17,0.459,5.1,Critical
8860169699fffff,20,0.471,4.96,Critical
88601696d3fffff,8,0.457,4.7,Critical
88601696d3fffff,12,0.362,4.33,Critical
88601696d3fffff,17,0.459,5.1,Critical
88601696d3fffff,20,0.471,4.96,Critical
88601696dbfffff,8,0.453,4.83,High
88601696dbfffff,12,0.357,4.44,High
88601696dbfffff,17,0.455,5.23,High
88601696dbfffff,20,0.469,5.08,High
886016970dfffff,8,0.439,3.74,Critical
886016970dfffff,12,0.328,3.54,Critical
886016970dfffff,17,0.468,3.84,Critical
886016970dfffff,20,0.484,3.66,Critical
8860169739fffff,8,0.433,4.42,Low
8860169739fffff,12,0.326,3.77,Low
8860169739fffff,17,0.472,4.51,Low
8860169739fffff,20,0.499,4.37,Low
8860169747fffff,8,0.439,3.74,Low
8860169747fffff,12,0.328,3.54,Low
8860169747fffff,17,0.468,3.84,Low
8860169747fffff,20,0.484,3.66,Low
8860169759fffff,8,0.432,5.16,Low
8860169759fffff,12,0.329,4.96,Low
8860169759fffff,17,0.454,5.2,Low
8860169759fffff,20,0.475,4.93,Low
8860169761fffff,8,0.467,3.61,Low
8860169761fffff,12,0.361,3.28,Low
8860169761fffff,17,0.482,3.71,Low
8860169761fffff,20,0.491,3.53,Low
886016976bfffff,8,0.438,3.74,Medium
886016976bfffff,12,0.328,3.54,Medium
886016976bfffff,17,0.47,3.84,Medium
886016976bfffff,20,0.487,3.66,Medium
8861892037fffff,8,0.467,5.96,High
8861892037fffff,12,0.358,5.05,High
8861892037fffff,17,0.414,4.82,High
8861892037fffff,20,0.461,4.72,High
8861892081fffff,8,0.455,5.84,High
8861892081fffff,12,0.351,5.99,High
8861892081fffff,17,0.41,5.98,High
8861892081fffff,20,0.441,6.09,High
8861892087fffff,8,0.463,6.15,Critical
8861892087fffff,12,0.366,6.3,Critical
8861892087fffff,17,0.426,6.18,Critical
8861892087fffff,20,0.457,6.22,Critical
8861892091fffff,8,0.446,5.53,Critical
8861892091fffff,12,0.328,5.79,Critical
8861892091fffff,17,0.417,5.78,Critical
8861892091fffff,20,0.458,5.48,Critical
8861892093fffff,8,0.464,3.7,Medium
8861892093fffff,12,0.337,3.87,Medium
8861892093fffff,17,0.433,3.59,Medium
8861892093fffff,20,0.462,3.32,Medium
8861892095fffff,8,0.446,4.38,Medium
8861892095fffff,12,0.335,4.53,Medium
8861892095fffff,17,0.373,4.37,Medium
8861892095fffff,20,0.403,4.08,Medium
8861892097fffff,8,0.439,5.08,Critical
8861892097fffff,12,0.331,5.34,Critical
8861892097fffff,17,0.411,5.32,Critical
8861892097fffff,20,0.455,5.2,Critical
886189209bfffff,8,0.464,5.68,Critical
886189209bfffff,12,0.338,5.85,Critical
886189209bfffff,17,0.431,5.87,Critical
886189209bfffff,20,0.464,5.44,Critical
886189209dfffff,8,0.449,4.96,Low
886189209dfffff,12,0.344,5.21,Low
886189209dfffff,17,0.431,5.21,Low
886189209dfffff,20,0.464,5.05,Low
88618920a3fffff,8,0.457,6.42,Critical
88618920a3fffff,12,0.35,6.68,Critical
88618920a3fffff,17,0.427,6.63,Critical
88618920a3fffff,20,0.449,6.65,Critical
88618920a9fffff,8,0.462,5.18,Low
88618920a9fffff,12,0.369,5.25,Low
88618920a9fffff,17,0.415,5.15,Low
88618920a9fffff,20,0.438,4.97,Low
88618920abfffff,8,0.455,5.57,Low
88618920abfffff,12,0.361,5.65,Low
88618920abfffff,17,0.408,5.54,Low
88618920abfffff,20,0.43,5.36,Low
88618920adfffff,8,0.464,4.93,Low
88618920adfffff,12,0.36,5.14,Low
88618920adfffff,17,0.422,4.95,Low
88618920adfffff,20,0.445,4.92,Low
88618920b1fffff,8,0.447,4.72,Medium
88618920b1fffff,12,0.344,4.98,Medium
88618920b1fffff,17,0.437,4.84,Medium
88618920b1fffff,20,0.462,4.8,Medium
88618920b3fffff,8,0.42,4.81,Critical
88618920b3fffff,12,0.323,4.94,Critical
88618920b3fffff,17,0.387,4.93,Critical
88618920b3fffff,20,0.441,4.68,Critical
88618920b5fffff,8,0.449,6.09,Low
88618920b5fffff,12,0.342,6.35,Low
88618920b5fffff,17,0.434,6.3,Low
88618920b5fffff,20,0.47,6.35,Low
88618920b7fffff,8,0.453,4.14,Medium
88618920b7fffff,12,0.34,4.31,Medium
88618920b7fffff,17,0.384,4.15,Medium
88618920b7fffff,20,0.411,4.03,Medium
88618920bbfffff,8,0.461,4.61,Critical
88618920bbfffff,12,0.355,4.87,Critical
88618920bbfffff,17,0.432,4.4,Critical
88618920bbfffff,20,0.499,4.45,Critical
88618920bdfffff,8,0.447,6.33,Critical
88618920bdfffff,12,0.35,6.42,Critical
88618920bdfffff,17,0.435,6.27,Critical
88618920bdfffff,20,0.446,6.17,Critical
88618920c1fffff,8,0.461,6.11,Medium
88618920c1fffff,12,0.35,6.28,Medium
88618920c1fffff,17,0.377,6.16,Medium
88618920c1fffff,20,0.438,6.05,Medium
88618920c5fffff,8,0.466,5.5,Critical
88618920c5fffff,12,0.355,5.7,Critical
88618920c5fffff,17,0.392,5.55,Critical
88618920c5fffff,20,0.445,5.43,Critical
88618920cbfffff,8,0.461,6.11,Low
88618920cbfffff,12,0.35,6.28,Low
88618920cbfffff,17,0.377,6.16,Low
88618920cbfffff,20,0.438,6.05,Low
88618920e5fffff,8,0.455,4.45,Low
88618920e5fffff,12,0.361,3.91,Low
88618920e5fffff,17,0.385,3.8,Low
88618920e5fffff,20,0.437,3.62,Low
88618920e7fffff,8,0.451,4.38,Low
88618920e7fffff,12,0.35,3.97,Low
88618920e7fffff,17,0.391,3.73,Low
88618920e7fffff,20,0.434,3.61,Low
88618920e9fffff,8,0.455,5.64,High
88618920e9fffff,12,0.35,5.84,High
88618920e9fffff,17,0.386,5.73,High
88618920e9fffff,20,0.437,5.78,High
88618920edfffff,8,0.455,5.51,High
88618920edfffff,12,0.357,5.37,High
88618920edfffff,17,0.392,5.26,High
88618920edfffff,20,0.443,5.24,High
8861892181fffff,8,0.475,3.89,Critical
8861892181fffff,12,0.381,4.05,Critical
8861892181fffff,17,0.418,4.14,Critical
8861892181fffff,20,0.463,3.91,Critical
8861892185fffff,8,0.468,4.07,Low
8861892185fffff,12,0.364,4.67,Low
8861892185fffff,17,0.433,4.31,Low
8861892185fffff,20,0.467,4.18,Low
8861892189fffff,8,0.468,5.21,Medium
8861892189fffff,12,0.376,3.74,Medium
8861892189fffff,17,0.418,3.93,Medium
8861892189fffff,20,0.477,3.75,Medium
886189218bfffff,8,0.473,6.26,Critical
886189218bfffff,12,0.381,5.01,Critical
886189218bfffff,17,0.413,5.28,Critical
886189218bfffff,20,0.465,5.1,Critical
886189218dfffff,8,0.483,3.72,Low
886189218dfffff,12,0.382,4.45,Low
886189218dfffff,17,0.428,3.97,Low
886189218dfffff,20,0.466,3.99,Low
8861892191fffff,8,0.471,6.15,Medium
8861892191fffff,12,0.38,5.62,Medium
8861892191fffff,17,0.427,5.89,Medium
8861892191fffff,20,0.457,5.71,Medium
8861892195fffff,8,0.473,3.7,High
8861892195fffff,12,0.383,3.52,High
8861892195fffff,17,0.413,3.67,High
8861892195fffff,20,0.466,3.44,High
886189219bfffff,8,0.462,5.59,Low
886189219bfffff,12,0.37,5.04,Low
886189219bfffff,17,0.43,5.27,Low
886189219bfffff,20,0.467,5.28,Low
886189219dfffff,8,0.473,3.52,Medium
886189219dfffff,12,0.383,3.33,Medium
886189219dfffff,17,0.413,3.49,Medium
886189219dfffff,20,0.466,3.26,Medium
88618921a5fffff,8,0.47,3.94,Low
88618921a5fffff,12,0.364,4.48,Low
88618921a5fffff,17,0.426,4.32,Low
88618921a5fffff,20,0.464,4.0,Low
88618921a9fffff,8,0.472,3.88,Low
88618921a9fffff,12,0.367,4.5,Low
88618921a9fffff,17,0.427,4.26,Low
88618921a9fffff,20,0.472,3.96,Low
88618921abfffff,8,0.471,3.64,Low
88618921abfffff,12,0.367,4.26,Low
88618921abfffff,17,0.426,4.01,Low
88618921abfffff,20,0.471,3.72,Low
88618921adfffff,8,0.471,3.91,Low
88618921adfffff,12,0.365,4.45,Low
88618921adfffff,17,0.423,4.29,Low
88618921adfffff,20,0.465,3.97,Low
88618921c5fffff,8,0.468,5.21,High
88618921c5fffff,12,0.376,3.74,High
88618921c5fffff,17,0.418,3.93,High
88618921c5fffff,20,0.477,3.75,High
88618921d1fffff,8,0.476,5.15,Low
88618921d1fffff,12,0.364,4.35,Low
88618921d1fffff,17,0.426,3.84,Low
88618921d1fffff,20,0.468,3.7,Low
88618921d3fffff,8,0.473,5.3,Medium
88618921d3fffff,12,0.364,4.89,Medium
88618921d3fffff,17,0.421,4.37,Medium
88618921d3fffff,20,0.471,4.31,Medium
88618921d5fffff,8,0.471,4.94,Low
88618921d5fffff,12,0.361,3.27,Low
88618921d5fffff,17,0.427,3.77,Low
88618921d5fffff,20,0.48,3.57,Low
88618921d9fffff,8,0.469,5.23,Low
88618921d9fffff,12,0.361,4.29,Low
88618921d9fffff,17,0.413,4.14,Low
88618921d9fffff,20,0.457,4.03,Low
8861892283fffff,8,0.433,5.58,Medium
8861892283fffff,12,0.321,5.79,Medium
8861892283fffff,17,0.353,5.84,Medium
8861892283fffff,20,0.4,5.87,Medium
8861892289fffff,8,0.436,4.8,Low
8861892289fffff,12,0.32,4.66,Low
8861892289fffff,17,0.365,4.74,Low
8861892289fffff,20,0.405,4.57,Low
886189229dfffff,8,0.433,5.04,Low
886189229dfffff,12,0.321,5.24,Low
886189229dfffff,17,0.353,5.32,Low
886189229dfffff,20,0.4,5.22,Low
8861892401fffff,8,0.412,5.56,Low
8861892401fffff,12,0.324,5.69,Low
8861892401fffff,17,0.395,5.68,Low
8861892401fffff,20,0.426,5.56,Low
8861892405fffff,8,0.412,5.53,High
8861892405fffff,12,0.324,5.58,High
8861892405fffff,17,0.391,5.64,High
8861892405fffff,20,0.425,5.52,High
8861892409fffff,8,0.412,5.76,Low
8861892409fffff,12,0.324,5.81,Low
8861892409fffff,17,0.394,5.87,Low
8861892409fffff,20,0.426,5.61,Low
886189240bfffff,8,0.423,5.77,Medium
886189240bfffff,12,0.335,5.9,Medium
886189240bfffff,17,0.403,5.82,Medium
886189240bfffff,20,0.431,5.56,Medium
886189240dfffff,8,0.417,5.54,High
886189240dfffff,12,0.327,5.59,High
886189240dfffff,17,0.403,5.62,High
886189240dfffff,20,0.435,5.5,High
8861892411fffff,8,0.434,5.46,Medium
8861892411fffff,12,0.344,5.66,Medium
8861892411fffff,17,0.431,5.63,Medium
8861892411fffff,20,0.453,5.37,Medium
8861892413fffff,8,0.436,5.31,High
8861892413fffff,12,0.341,5.3,High
8861892413fffff,17,0.438,5.48,High
8861892413fffff,20,0.463,5.22,High
8861892417fffff,8,0.439,4.87,High
8861892417fffff,12,0.349,5.14,High
8861892417fffff,17,0.442,5.05,High
8861892417fffff,20,0.466,4.92,High
8861892419fffff,8,0.427,5.49,High
8861892419fffff,12,0.334,5.74,High
8861892419fffff,17,0.417,5.6,High
8861892419fffff,20,0.44,5.34,High
8861892421fffff,8,0.438,5.08,Medium
8861892421fffff,12,0.351,5.28,Medium
8861892421fffff,17,0.424,5.37,Medium
8861892421fffff,20,0.456,5.03,Medium
8861892423fffff,8,0.434,5.26,Low
8861892423fffff,12,0.342,5.39,Low
8861892423fffff,17,0.404,5.33,Low
8861892423fffff,20,0.443,5.0,Low
8861892425fffff,8,0.446,5.27,Medium
8861892425fffff,12,0.357,5.32,Medium
8861892425fffff,17,0.44,5.4,Medium
8861892425fffff,20,0.464,5.07,Medium
8861892427fffff,8,0.437,5.28,Medium
8861892427fffff,12,0.351,5.41,Medium
8861892427fffff,17,0.427,5.42,Medium
8861892427fffff,20,0.458,5.08,Medium
8861892429fffff,8,0.417,5.53,Medium
8861892429fffff,12,0.327,5.58,Medium
8861892429fffff,17,0.395,5.56,Medium
8861892429fffff,20,0.437,5.23,Medium
886189242bfffff,8,0.408,5.52,Critical
886189242bfffff,12,0.322,5.64,Critical
886189242bfffff,17,0.382,5.59,Critical
886189242bfffff,20,0.424,5.26,Critical
886189242dfffff,8,0.436,5.32,High
886189242dfffff,12,0.342,5.37,High
886189242dfffff,17,0.414,5.41,High
886189242dfffff,20,0.457,5.03,High
8861892433fffff,8,0.444,4.68,Low
8861892433fffff,12,0.35,4.67,Low
8861892433fffff,17,0.45,4.81,Low
8861892433fffff,20,0.473,4.4,Low
8861892437fffff,8,0.448,4.79,Medium
8861892437fffff,12,0.359,5.08,Medium
8861892437fffff,17,0.453,4.98,Medium
8861892437fffff,20,0.481,4.63,Medium
8861892439fffff,8,0.427,5.14,Medium
8861892439fffff,12,0.335,5.46,Medium
8861892439fffff,17,0.412,5.32,Medium
8861892439fffff,20,0.439,4.98,Medium
886189243bfffff,8,0.439,4.64,Low
886189243bfffff,12,0.349,4.99,Low
886189243bfffff,17,0.441,4.88,Low
886189243bfffff,20,0.462,4.53,Low
886189243dfffff,8,0.427,5.33,Medium
886189243dfffff,12,0.337,5.46,Medium
886189243dfffff,17,0.399,5.48,Medium
886189243dfffff,20,0.435,5.14,Medium
8861892441fffff,8,0.412,5.98,Medium
8861892441fffff,12,0.322,6.06,Medium
8861892441fffff,17,0.397,6.01,Medium
8861892441fffff,20,0.439,5.71,Medium
8861892443fffff,8,0.417,5.76,Low
8861892443fffff,12,0.327,5.81,Low
8861892443fffff,17,0.404,5.87,Low
8861892443fffff,20,0.437,5.61,Low
8861892445fffff,8,0.413,5.95,Low
8861892445fffff,12,0.323,6.03,Low
8861892445fffff,17,0.399,5.98,Low
8861892445fffff,20,0.441,5.67,Low
8861892447fffff,8,0.418,5.81,Medium
8861892447fffff,12,0.327,5.86,Medium
8861892447fffff,17,0.406,5.88,Medium
8861892447fffff,20,0.439,5.58,Medium
8861892449fffff,8,0.437,5.84,Low
8861892449fffff,12,0.318,5.92,Low
8861892449fffff,17,0.419,5.87,Low
8861892449fffff,20,0.492,5.56,Low
886189244dfffff,8,0.443,5.91,High
886189244dfffff,12,0.324,5.99,High
886189244dfffff,17,0.405,5.93,High
886189244dfffff,20,0.471,5.63,High
8861892461fffff,8,0.413,5.37,Medium
8861892461fffff,12,0.323,5.51,Medium
8861892461fffff,17,0.399,5.43,Medium
8861892461fffff,20,0.441,5.04,Medium
8861892463fffff,8,0.416,5.33,Critical
8861892463fffff,12,0.327,5.44,Critical
8861892463fffff,17,0.406,5.43,Critical
8861892463fffff,20,0.441,5.05,Critical
8861892465fffff,8,0.452,5.3,Medium
8861892465fffff,12,0.315,5.38,Medium
8861892465fffff,17,0.408,5.25,Medium
8861892465fffff,20,0.47,4.73,Medium
8861892467fffff,8,0.413,5.53,Medium
8861892467fffff,12,0.323,5.61,Medium
8861892467fffff,17,0.39,5.48,Medium
8861892467fffff,20,0.441,5.1,Medium
886189246bfffff,8,0.413,5.42,Low
886189246bfffff,12,0.323,5.5,Low
886189246bfffff,17,0.399,5.42,Low
886189246bfffff,20,0.441,5.25,Low
886189246dfffff,8,0.446,5.37,Medium
886189246dfffff,12,0.327,5.51,Medium
886189246dfffff,17,0.407,5.43,Medium
886189246dfffff,20,0.47,5.04,Medium
8861892481fffff,8,0.428,4.65,Medium
8861892481fffff,12,0.329,4.94,Medium
8861892481fffff,17,0.425,4.91,Medium
8861892481fffff,20,0.453,4.6,Medium
8861892483fffff,8,0.44,4.37,Critical
8861892483fffff,12,0.34,4.65,Critical
8861892483fffff,17,0.452,4.64,Critical
8861892483fffff,20,0.461,4.28,Critical
8861892485fffff,8,0.434,4.83,Critical
8861892485fffff,12,0.334,5.13,Critical
8861892485fffff,17,0.434,5.09,Critical
8861892485fffff,20,0.458,4.51,Critical
8861892487fffff,8,0.444,4.3,Low
8861892487fffff,12,0.344,4.54,Low
8861892487fffff,17,0.451,4.53,Low
8861892487fffff,20,0.467,4.16,Low
886189248dfffff,8,0.428,5.4,High
886189248dfffff,12,0.329,5.74,High
886189248dfffff,17,0.414,5.69,High
886189248dfffff,20,0.445,5.32,High
8861892491fffff,8,0.433,5.02,Critical
8861892491fffff,12,0.344,5.2,Critical
8861892491fffff,17,0.434,5.27,Critical
8861892491fffff,20,0.454,5.02,Critical
8861892493fffff,8,0.431,5.26,High
8861892493fffff,12,0.343,5.44,High
8861892493fffff,17,0.423,5.38,High
8861892493fffff,20,0.459,5.27,High
8861892495fffff,8,0.43,4.36,Critical
8861892495fffff,12,0.336,4.6,Critical
8861892495fffff,17,0.436,4.57,Critical
8861892495fffff,20,0.447,4.26,Critical
886189249bfffff,8,0.423,5.38,Low
886189249bfffff,12,0.334,5.56,Low
886189249bfffff,17,0.416,5.5,Low
886189249bfffff,20,0.448,5.39,Low
88618924a1fffff,8,0.412,5.57,High
88618924a1fffff,12,0.308,5.92,High
88618924a1fffff,17,0.41,5.96,High
88618924a1fffff,20,0.452,5.67,High
88618924a3fffff,8,0.445,5.43,Critical
88618924a3fffff,12,0.341,5.61,Critical
88618924a3fffff,17,0.451,5.73,Critical
88618924a3fffff,20,0.474,5.47,Critical
88618924a5fffff,8,0.43,5.13,Medium
88618924a5fffff,12,0.333,5.51,Medium
88618924a5fffff,17,0.419,5.67,Medium
88618924a5fffff,20,0.457,5.18,Medium
88618924a7fffff,8,0.415,5.66,Critical
88618924a7fffff,12,0.32,5.96,Critical
88618924a7fffff,17,0.414,6.05,Critical
88618924a7fffff,20,0.466,5.83,Critical
88618924a9fffff,8,0.429,5.31,Critical
88618924a9fffff,12,0.331,5.66,Critical
88618924a9fffff,17,0.417,5.78,Critical
88618924a9fffff,20,0.447,5.25,Critical
88618924abfffff,8,0.433,5.15,Critical
88618924abfffff,12,0.334,5.43,Critical
88618924abfffff,17,0.433,5.35,Critical
88618924abfffff,20,0.457,4.81,Critical
88618924adfffff,8,0.438,4.69,Low
88618924adfffff,12,0.345,5.16,Low
88618924adfffff,17,0.428,5.3,Low
88618924adfffff,20,0.466,4.95,Low
88618924b3fffff,8,0.449,4.64,Critical
88618924b3fffff,12,0.361,4.77,Critical
88618924b3fffff,17,0.449,4.73,Critical
88618924b3fffff,20,0.474,4.66,Critical
88618924b5fffff,8,0.445,5.05,Medium
88618924b5fffff,12,0.347,5.56,Medium
88618924b5fffff,17,0.457,5.67,Medium
88618924b5fffff,20,0.471,5.41,Medium
88618924b7fffff,8,0.45,5.44,Critical
88618924b7fffff,12,0.357,5.56,Critical
88618924b7fffff,17,0.452,5.68,Critical
88618924b7fffff,20,0.472,5.47,Critical
88618924b9fffff,8,0.44,4.57,Low
88618924b9fffff,12,0.34,4.86,Low
88618924b9fffff,17,0.453,4.84,Low
88618924b9fffff,20,0.464,4.21,Low
88618924c5fffff,8,0.432,5.57,Critical
88618924c5fffff,12,0.339,5.7,Critical
88618924c5fffff,17,0.426,5.85,Critical
88618924c5fffff,20,0.452,5.59,Critical
88618924c9fffff,8,0.434,5.29,High
88618924c9fffff,12,0.34,5.42,High
88618924c9fffff,17,0.448,5.56,High
88618924c9fffff,20,0.481,5.3,High
88618924cbfffff,8,0.429,5.47,Medium
88618924cbfffff,12,0.331,5.87,Medium
88618924cbfffff,17,0.434,5.98,Medium
88618924cbfffff,20,0.471,5.58,Medium
88618924cdfffff,8,0.432,5.53,High
88618924cdfffff,12,0.339,5.66,High
88618924cdfffff,17,0.427,5.81,High
88618924cdfffff,20,0.453,5.54,High
88618924d5fffff,8,0.429,5.19,Low
88618924d5fffff,12,0.329,5.42,Low
88618924d5fffff,17,0.434,5.55,Low
88618924d5fffff,20,0.459,5.37,Low
88618924d7fffff,8,0.432,4.86,High
88618924d7fffff,12,0.332,5.09,High
88618924d7fffff,17,0.445,5.18,High
88618924d7fffff,20,0.46,4.87,High
88618924d9fffff,8,0.43,4.67,Low
88618924d9fffff,12,0.33,4.91,Low
88618924d9fffff,17,0.454,4.99,Low
88618924d9fffff,20,0.485,4.69,Low
88618924e3fffff,8,0.428,4.46,Low
88618924e3fffff,12,0.33,4.66,Low
88618924e3fffff,17,0.419,4.77,Low
88618924e3fffff,20,0.452,4.43,Low
88618924e5fffff,8,0.433,4.94,Medium
88618924e5fffff,12,0.339,5.07,Medium
88618924e5fffff,17,0.429,5.18,Medium
88618924e5fffff,20,0.455,4.77,Medium
88618924e7fffff,8,0.432,4.43,Medium
88618924e7fffff,12,0.337,4.56,Medium
88618924e7fffff,17,0.428,4.64,Medium
88618924e7fffff,20,0.454,4.23,Medium
88618924e9fffff,8,0.436,5.11,Critical
88618924e9fffff,12,0.341,5.24,Critical
88618924e9fffff,17,0.438,5.39,Critical
88618924e9fffff,20,0.463,5.26,Critical
88618924ebfffff,8,0.432,4.4,Medium
88618924ebfffff,12,0.338,4.53,Medium
88618924ebfffff,17,0.426,4.65,Medium
88618924ebfffff,20,0.452,4.52,Medium
88618924edfffff,8,0.437,5.02,High
88618924edfffff,12,0.341,5.01,High
88618924edfffff,17,0.441,5.16,High
88618924edfffff,20,0.467,5.03,High
8861892513fffff,8,0.445,4.94,High
8861892513fffff,12,0.359,5.02,High
8861892513fffff,17,0.46,5.01,High
8861892513fffff,20,0.481,4.61,High
8861892517fffff,8,0.441,4.66,High
8861892517fffff,12,0.361,4.74,High
8861892517fffff,17,0.457,4.74,High
8861892517fffff,20,0.478,4.34,High
8861892519fffff,8,0.448,5.28,Medium
8861892519fffff,12,0.359,5.33,Medium
8861892519fffff,17,0.452,5.38,Medium
8861892519fffff,20,0.475,5.0,Medium
886189251bfffff,8,0.451,4.92,High
886189251bfffff,12,0.366,5.0,High
886189251bfffff,17,0.451,5.04,High
886189251bfffff,20,0.469,4.55,High
8861892521fffff,8,0.462,5.34,High
8861892521fffff,12,0.358,5.56,High
8861892521fffff,17,0.437,5.56,High
8861892521fffff,20,0.483,5.53,High
8861892523fffff,8,0.466,4.97,Critical
8861892523fffff,12,0.357,5.18,Critical
8861892523fffff,17,0.447,5.13,Critical
8861892523fffff,20,0.493,4.78,Critical
8861892527fffff,8,0.485,3.78,Low
8861892527fffff,12,0.349,3.46,Low
8861892527fffff,17,0.465,3.99,Low
8861892527fffff,20,0.506,3.72,Low
8861892529fffff,8,0.462,5.28,Medium
8861892529fffff,12,0.359,5.47,Medium
8861892529fffff,17,0.437,5.32,Medium
8861892529fffff,20,0.483,5.18,Medium
886189252bfffff,8,0.47,4.49,Critical
886189252bfffff,12,0.34,4.7,Critical
886189252bfffff,17,0.447,4.56,Critical
886189252bfffff,20,0.494,4.29,Critical
886189252dfffff,8,0.469,4.77,Critical
886189252dfffff,12,0.355,4.96,Critical
886189252dfffff,17,0.435,4.9,Critical
886189252dfffff,20,0.489,4.8,Critical
8861892531fffff,8,0.445,4.58,Low
8861892531fffff,12,0.365,4.8,Low
8861892531fffff,17,0.46,4.66,Low
8861892531fffff,20,0.479,4.25,Low
8861892533fffff,8,0.447,4.73,Medium
8861892533fffff,12,0.366,4.95,Medium
8861892533fffff,17,0.456,4.81,Medium
8861892533fffff,20,0.473,4.41,Medium
8861892535fffff,8,0.441,4.69,Medium
8861892535fffff,12,0.36,4.91,Medium
8861892535fffff,17,0.451,4.91,Medium
8861892535fffff,20,0.477,4.55,Medium
8861892537fffff,8,0.447,4.96,Critical
8861892537fffff,12,0.365,5.18,Critical
8861892537fffff,17,0.459,5.13,Critical
8861892537fffff,20,0.477,4.77,Critical
886189253bfffff,8,0.452,4.7,High
886189253bfffff,12,0.372,4.78,High
886189253bfffff,17,0.463,4.66,High
886189253bfffff,20,0.481,4.43,High
886189253dfffff,8,0.469,4.7,Low
886189253dfffff,12,0.365,4.92,Low
886189253dfffff,17,0.449,4.78,Low
886189253dfffff,20,0.498,4.38,Low
8861892541fffff,8,0.461,5.05,High
8861892541fffff,12,0.334,5.15,High
8861892541fffff,17,0.428,5.18,High
8861892541fffff,20,0.475,4.74,High
8861892543fffff,8,0.47,5.44,Medium
8861892543fffff,12,0.35,5.49,Medium
8861892543fffff,17,0.427,5.51,Medium
8861892543fffff,20,0.487,5.12,Medium
8861892545fffff,8,0.47,4.89,Medium
8861892545fffff,12,0.342,5.06,Medium
8861892545fffff,17,0.434,5.08,Medium
8861892545fffff,20,0.461,4.71,Medium
886189254bfffff,8,0.468,5.78,Critical
886189254bfffff,12,0.348,5.8,Critical
886189254bfffff,17,0.413,5.76,Critical
886189254bfffff,20,0.476,5.37,Critical
886189254dfffff,8,0.47,4.89,Medium
886189254dfffff,12,0.342,5.06,Medium
886189254dfffff,17,0.434,5.08,Medium
886189254dfffff,20,0.461,4.71,Medium
8861892551fffff,8,0.471,5.22,Low
8861892551fffff,12,0.353,5.3,Low
8861892551fffff,17,0.443,5.27,Low
8861892551fffff,20,0.495,4.88,Low
8861892553fffff,8,0.439,5.47,High
8861892553fffff,12,0.351,5.52,High
8861892553fffff,17,0.428,5.44,High
8861892553fffff,20,0.46,5.06,High
8861892557fffff,8,0.444,5.22,High
8861892557fffff,12,0.356,5.3,High
8861892557fffff,17,0.445,5.27,High
8861892557fffff,20,0.474,4.88,High
886189255bfffff,8,0.435,5.2,Medium
886189255bfffff,12,0.346,5.44,Medium
886189255bfffff,17,0.423,5.36,Medium
886189255bfffff,20,0.463,4.97,Medium
886189255dfffff,8,0.458,6.26,Medium
886189255dfffff,12,0.348,6.31,Medium
886189255dfffff,17,0.41,6.29,Medium
886189255dfffff,20,0.465,5.97,Medium
8861892565fffff,8,0.448,4.4,High
8861892565fffff,12,0.338,4.56,High
8861892565fffff,17,0.415,4.54,High
8861892565fffff,20,0.452,4.5,High
8861892569fffff,8,0.453,4.35,Low
8861892569fffff,12,0.336,4.51,Low
8861892569fffff,17,0.423,4.5,Low
8861892569fffff,20,0.455,4.4,Low
886189256dfffff,8,0.452,4.2,Low
886189256dfffff,12,0.338,4.37,Low
886189256dfffff,17,0.423,4.23,Low
886189256dfffff,20,0.459,4.31,Low
8861892581fffff,8,0.445,4.97,Low
8861892581fffff,12,0.36,4.99,Low
8861892581fffff,17,0.459,4.99,Low
8861892581fffff,20,0.482,4.62,Low
8861892583fffff,8,0.439,4.93,Medium
8861892583fffff,12,0.355,4.94,Medium
8861892583fffff,17,0.447,5.01,Medium
8861892583fffff,20,0.47,4.64,Medium
8861892585fffff,8,0.449,4.75,Medium
8861892585fffff,12,0.372,5.07,Medium
8861892585fffff,17,0.473,4.65,Medium
8861892585fffff,20,0.489,4.45,Medium
8861892587fffff,8,0.452,4.76,High
8861892587fffff,12,0.366,4.77,High
8861892587fffff,17,0.466,4.72,High
8861892587fffff,20,0.486,4.53,High
8861892589fffff,8,0.451,4.85,Medium
8861892589fffff,12,0.363,5.17,Medium
8861892589fffff,17,0.472,4.87,Medium
8861892589fffff,20,0.492,4.5,Medium
886189258bfffff,8,0.45,4.97,Low
886189258bfffff,12,0.365,4.99,Low
886189258bfffff,17,0.464,4.99,Low
886189258bfffff,20,0.483,4.62,Low
886189258dfffff,8,0.439,5.27,Critical
886189258dfffff,12,0.357,5.5,Critical
886189258dfffff,17,0.471,5.29,Critical
886189258dfffff,20,0.492,4.92,Critical
8861892591fffff,8,0.449,5.24,Medium
8861892591fffff,12,0.351,5.44,Medium
8861892591fffff,17,0.447,5.45,Medium
8861892591fffff,20,0.472,5.09,Medium
8861892593fffff,8,0.426,5.08,High
8861892593fffff,12,0.328,5.35,High
8861892593fffff,17,0.431,5.32,High
8861892593fffff,20,0.468,5.07,High
8861892595fffff,8,0.435,5.1,Low
8861892595fffff,12,0.345,5.32,Low
8861892595fffff,17,0.438,5.18,Low
8861892595fffff,20,0.467,4.81,Low
8861892597fffff,8,0.398,4.84,Medium
8861892597fffff,12,0.308,5.06,Medium
8861892597fffff,17,0.4,5.04,Medium
8861892597fffff,20,0.435,4.79,Medium
8861892599fffff,8,0.451,5.08,High
8861892599fffff,12,0.354,5.3,High
8861892599fffff,17,0.45,5.19,High
8861892599fffff,20,0.476,4.83,High
886189259bfffff,8,0.449,4.9,Medium
886189259bfffff,12,0.353,5.16,Medium
886189259bfffff,17,0.447,5.28,Medium
886189259bfffff,20,0.471,4.79,Medium
886189259dfffff,8,0.453,5.1,High
886189259dfffff,12,0.359,5.12,High
886189259dfffff,17,0.459,5.18,High
886189259dfffff,20,0.479,4.81,High
88618925a1fffff,8,0.445,4.94,Low
88618925a1fffff,12,0.366,5.4,Low
88618925a1fffff,17,0.474,4.93,Low
88618925a1fffff,20,0.493,4.62,Low
88618925a3fffff,8,0.446,4.23,Low
88618925a3fffff,12,0.362,4.42,Low
88618925a3fffff,17,0.461,4.36,Low
88618925a3fffff,20,0.481,4.03,Low
88618925a5fffff,8,0.463,5.24,Critical
88618925a5fffff,12,0.369,4.91,Critical
88618925a5fffff,17,0.486,5.17,Critical
88618925a5fffff,20,0.493,4.87,Critical
88618925a7fffff,8,0.456,4.98,High
88618925a7fffff,12,0.372,5.45,High
88618925a7fffff,17,0.468,4.98,High
88618925a7fffff,20,0.48,4.68,High
88618925a9fffff,8,0.453,5.17,Medium
88618925a9fffff,12,0.367,5.39,Medium
88618925a9fffff,17,0.469,5.06,Medium
88618925a9fffff,20,0.484,4.87,Medium
88618925abfffff,8,0.447,4.65,Low
88618925abfffff,12,0.374,4.67,Low
88618925abfffff,17,0.459,4.66,Low
88618925abfffff,20,0.477,4.35,Low
88618925adfffff,8,0.448,4.54,Medium
88618925adfffff,12,0.36,4.97,Medium
88618925adfffff,17,0.465,4.67,Medium
88618925adfffff,20,0.48,4.31,Medium
88618925b1fffff,8,0.442,5.45,Critical
88618925b1fffff,12,0.36,5.68,Critical
88618925b1fffff,17,0.441,5.53,Critical
88618925b1fffff,20,0.466,5.22,Critical
88618925b3fffff,8,0.426,6.43,Critical
88618925b3fffff,12,0.342,6.75,Critical
88618925b3fffff,17,0.425,6.58,Critical
88618925b3fffff,20,0.447,6.31,Critical
88618925b5fffff,8,0.441,5.53,High
88618925b5fffff,12,0.358,5.68,High
88618925b5fffff,17,0.448,5.7,High
88618925b5fffff,20,0.467,5.37,High
88618925b7fffff,8,0.43,6.26,Critical
88618925b7fffff,12,0.343,6.58,Critical
88618925b7fffff,17,0.431,6.42,Critical
88618925b7fffff,20,0.456,6.1,Critical
88618925b9fffff,8,0.448,4.83,Low
88618925b9fffff,12,0.363,4.84,Low
88618925b9fffff,17,0.455,4.78,Low
88618925b9fffff,20,0.475,4.59,Low
88618925bbfffff,8,0.437,4.88,High
88618925bbfffff,12,0.348,5.1,High
88618925bbfffff,17,0.438,5.06,High
88618925bbfffff,20,0.465,4.74,High
88618925bdfffff,8,0.443,5.15,Low
88618925bdfffff,12,0.361,5.16,Low
88618925bdfffff,17,0.447,5.23,Low
88618925bdfffff,20,0.467,4.92,Low
88618925c1fffff,8,0.454,4.94,Low
88618925c1fffff,12,0.362,5.23,Low
88618925c1fffff,17,0.466,5.06,Low
88618925c1fffff,20,0.482,4.57,Low
88618925c3fffff,8,0.459,5.39,Critical
88618925c3fffff,12,0.37,5.61,Critical
88618925c3fffff,17,0.479,5.51,Critical
88618925c3fffff,20,0.496,5.14,Critical
88618925c5fffff,8,0.448,4.62,Medium
88618925c5fffff,12,0.358,4.7,Medium
88618925c5fffff,17,0.464,4.66,Medium
88618925c5fffff,20,0.48,4.26,Medium
88618925c7fffff,8,0.449,4.83,Medium
88618925c7fffff,12,0.353,5.12,Medium
88618925c7fffff,17,0.467,4.91,Medium
88618925c7fffff,20,0.482,4.51,Medium
88618925c9fffff,8,0.447,5.34,Critical
88618925c9fffff,12,0.358,5.39,Critical
88618925c9fffff,17,0.439,5.41,Critical
88618925c9fffff,20,0.46,5.08,Critical
88618925cbfffff,8,0.444,5.01,Low
88618925cbfffff,12,0.348,5.27,Low
88618925cbfffff,17,0.437,5.2,Low
88618925cbfffff,20,0.465,4.82,Low
88618925cdfffff,8,0.449,5.18,Critical
88618925cdfffff,12,0.362,5.26,Critical
88618925cdfffff,17,0.454,5.21,Critical
88618925cdfffff,20,0.472,4.87,Critical
88618925d1fffff,8,0.455,5.12,Critical
88618925d1fffff,12,0.361,5.25,Critical
88618925d1fffff,17,0.459,5.39,Critical
88618925d1fffff,20,0.481,5.04,Critical
88618925d3fffff,8,0.433,5.29,High
88618925d3fffff,12,0.34,5.42,High
88618925d3fffff,17,0.424,5.55,High
88618925d3fffff,20,0.467,5.21,High
88618925d7fffff,8,0.454,4.96,Medium
88618925d7fffff,12,0.362,4.97,Medium
88618925d7fffff,17,0.46,5.07,Medium
88618925d7fffff,20,0.48,4.71,Medium
88618925d9fffff,8,0.446,4.81,Critical
88618925d9fffff,12,0.347,4.8,Critical
88618925d9fffff,17,0.447,5.0,Critical
88618925d9fffff,20,0.478,4.59,Critical
88618925dbfffff,8,0.442,5.27,High
88618925dbfffff,12,0.343,5.4,High
88618925dbfffff,17,0.435,5.54,High
88618925dbfffff,20,0.467,5.13,High
88618925ddfffff,8,0.448,4.98,Medium
88618925ddfffff,12,0.359,5.18,Medium
88618925ddfffff,17,0.453,5.17,Medium
88618925ddfffff,20,0.481,4.82,Medium
88618925e1fffff,8,0.451,4.67,Low
88618925e1fffff,12,0.369,4.75,Low
88618925e1fffff,17,0.463,4.63,Low
88618925e1fffff,20,0.479,4.4,Low
88618925e3fffff,8,0.447,4.74,High
88618925e3fffff,12,0.362,5.03,High
88618925e3fffff,17,0.467,4.82,High
88618925e3fffff,20,0.482,4.47,High
88618925e7fffff,8,0.451,4.74,Low
88618925e7fffff,12,0.369,5.02,Low
88618925e7fffff,17,0.465,4.82,Low
88618925e7fffff,20,0.482,4.47,Low
88618925e9fffff,8,0.442,4.82,High
88618925e9fffff,12,0.363,4.9,High
88618925e9fffff,17,0.455,4.9,High
88618925e9fffff,20,0.475,4.5,High
88618925ebfffff,8,0.442,4.8,High
88618925ebfffff,12,0.358,5.08,High
88618925ebfffff,17,0.458,4.87,High
88618925ebfffff,20,0.478,4.47,High
88618925edfffff,8,0.451,4.67,Medium
88618925edfffff,12,0.371,4.75,Medium
88618925edfffff,17,0.463,4.63,Medium
88618925edfffff,20,0.479,4.4,Medium
8861892603fffff,8,0.411,5.75,High
8861892603fffff,12,0.318,6.28,High
8861892603fffff,17,0.416,6.22,High
8861892603fffff,20,0.463,5.86,High
8861892605fffff,8,0.451,5.07,Low
8861892605fffff,12,0.337,5.6,Low
8861892605fffff,17,0.432,5.6,Low
8861892605fffff,20,0.498,5.58,Low
8861892607fffff,8,0.445,5.75,Low
8861892607fffff,12,0.322,6.28,Low
8861892607fffff,17,0.427,6.22,Low
8861892607fffff,20,0.496,5.86,Low
8861892615fffff,8,0.415,5.5,High
8861892615fffff,12,0.321,6.0,High
8861892615fffff,17,0.424,6.03,High
8861892615fffff,20,0.462,5.66,High
8861892621fffff,8,0.445,5.16,Medium
8861892621fffff,12,0.336,5.24,Medium
8861892621fffff,17,0.426,5.24,Medium
8861892621fffff,20,0.497,5.28,Medium
8861892627fffff,8,0.451,5.09,High
8861892627fffff,12,0.313,5.17,High
8861892627fffff,17,0.428,5.11,High
8861892627fffff,20,0.501,5.15,High
8861892629fffff,8,0.453,5.45,Low
8861892629fffff,12,0.331,5.5,Low
8861892629fffff,17,0.422,5.49,Low
8861892629fffff,20,0.5,5.66,Low
886189262bfffff,8,0.451,5.09,Medium
886189262bfffff,12,0.313,5.17,Medium
886189262bfffff,17,0.428,5.11,Medium
886189262bfffff,20,0.501,5.15,Medium
886189262dfffff,8,0.453,5.45,Medium
886189262dfffff,12,0.331,5.5,Medium
886189262dfffff,17,0.422,5.49,Medium
886189262dfffff,20,0.5,5.66,Medium
8861892635fffff,8,0.413,5.87,Low
8861892635fffff,12,0.323,5.95,Low
8861892635fffff,17,0.417,5.9,Low
8861892635fffff,20,0.464,5.6,Low
8861892639fffff,8,0.417,6.02,Critical
8861892639fffff,12,0.327,6.12,Critical
8861892639fffff,17,0.426,6.07,Critical
8861892639fffff,20,0.468,5.76,Critical
886189263bfffff,8,0.421,5.5,Medium
886189263bfffff,12,0.331,5.55,Medium
886189263bfffff,17,0.427,5.61,Medium
886189263bfffff,20,0.466,5.36,Medium
8861892645fffff,8,0.452,4.95,Critical
8861892645fffff,12,0.313,5.77,Critical
8861892645fffff,17,0.422,5.94,Critical
8861892645fffff,20,0.463,6.09,Critical
886189264dfffff,8,0.448,4.8,Critical
886189264dfffff,12,0.31,5.63,Critical
886189264dfffff,17,0.422,5.8,Critical
886189264dfffff,20,0.462,5.95,Critical
8861892661fffff,8,0.462,4.72,High
8861892661fffff,12,0.332,5.44,High
8861892661fffff,17,0.432,5.43,High
8861892661fffff,20,0.499,5.54,High
8861892663fffff,8,0.459,4.72,High
8861892663fffff,12,0.331,5.44,High
8861892663fffff,17,0.432,5.43,High
8861892663fffff,20,0.502,5.54,High
886189266bfffff,8,0.462,4.02,Critical
886189266bfffff,12,0.318,4.8,Critical
886189266bfffff,17,0.431,4.97,Critical
886189266bfffff,20,0.499,5.05,Critical
886189266dfffff,8,0.44,5.11,High
886189266dfffff,12,0.311,5.27,High
886189266dfffff,17,0.416,5.45,High
886189266dfffff,20,0.46,5.66,High
88618926b5fffff,8,0.434,5.19,Critical
88618926b5fffff,12,0.34,5.38,Critical
88618926b5fffff,17,0.448,5.48,Critical
88618926b5fffff,20,0.48,5.21,Critical
88618926bdfffff,8,0.434,5.36,Critical
88618926bdfffff,12,0.34,5.55,Critical
88618926bdfffff,17,0.448,5.64,Critical
88618926bdfffff,20,0.48,5.38,Critical
8861892711fffff,8,0.451,5.56,High
8861892711fffff,12,0.33,5.61,High
8861892711fffff,17,0.402,5.6,High
8861892711fffff,20,0.473,5.77,High
8861892715fffff,8,0.451,5.03,Low
8861892715fffff,12,0.33,5.08,Low
8861892715fffff,17,0.402,5.04,Low
8861892715fffff,20,0.473,5.35,Low
8861892717fffff,8,0.445,5.46,Critical
8861892717fffff,12,0.334,5.54,Critical
8861892717fffff,17,0.409,5.51,Critical
8861892717fffff,20,0.469,5.89,Critical
8861892719fffff,8,0.451,5.56,Critical
8861892719fffff,12,0.33,5.61,Critical
8861892719fffff,17,0.403,5.6,Critical
8861892719fffff,20,0.474,5.77,Critical
8861892721fffff,8,0.419,6.79,Critical
8861892721fffff,12,0.301,6.93,Critical
8861892721fffff,17,0.372,6.9,Critical
8861892721fffff,20,0.428,6.62,Critical
8861892723fffff,8,0.459,5.44,High
8861892723fffff,12,0.327,5.59,High
8861892723fffff,17,0.419,5.56,High
8861892723fffff,20,0.462,5.21,High
8861892725fffff,8,0.456,5.9,Medium
8861892725fffff,12,0.337,6.16,Medium
8861892725fffff,17,0.418,5.8,Medium
8861892725fffff,20,0.494,5.52,Medium
8861892727fffff,8,0.455,5.29,Low
8861892727fffff,12,0.328,5.42,Low
8861892727fffff,17,0.416,5.39,Low
8861892727fffff,20,0.453,5.15,Low
8861892729fffff,8,0.442,5.94,Critical
8861892729fffff,12,0.322,6.2,Critical
8861892729fffff,17,0.399,5.78,Critical
8861892729fffff,20,0.468,5.51,Critical
886189272bfffff,8,0.435,5.13,Medium
886189272bfffff,12,0.308,5.3,Medium
886189272bfffff,17,0.401,5.21,Medium
886189272bfffff,20,0.443,4.98,Medium
8861892731fffff,8,0.452,4.69,High
8861892731fffff,12,0.334,4.86,High
8861892731fffff,17,0.411,4.81,High
8861892731fffff,20,0.474,4.91,High
8861892733fffff,8,0.452,5.3,Low
8861892733fffff,12,0.315,5.38,Low
8861892733fffff,17,0.408,5.31,Low
8861892733fffff,20,0.47,4.79,Low
8861892735fffff,8,0.45,5.54,Critical
8861892735fffff,12,0.323,5.47,Critical
8861892735fffff,17,0.414,5.61,Critical
8861892735fffff,20,0.478,5.19,Critical
8861892737fffff,8,0.453,6.1,Low
8861892737fffff,12,0.343,6.18,Low
8861892737fffff,17,0.405,6.16,Low
8861892737fffff,20,0.468,5.84,Low
8861892739fffff,8,0.452,4.69,Low
8861892739fffff,12,0.334,4.86,Low
8861892739fffff,17,0.411,4.81,Low
8861892739fffff,20,0.474,4.91,Low
8861892767fffff,8,0.426,6.28,Critical
8861892767fffff,12,0.312,6.52,Critical
8861892767fffff,17,0.394,6.45,Critical
8861892767fffff,20,0.436,6.31,Critical
886189276dfffff,8,0.443,6.68,Critical
886189276dfffff,12,0.332,7.0,Critical
886189276dfffff,17,0.379,6.87,Critical
886189276dfffff,20,0.406,6.76,Critical
8861892ab9fffff,8,0.464,4.52,Low
8861892ab9fffff,12,0.363,4.11,Low
8861892ab9fffff,17,0.41,4.49,Low
8861892ab9fffff,20,0.459,4.27,Low
8861892abbfffff,8,0.464,4.26,Low
8861892abbfffff,12,0.363,3.85,Low
8861892abbfffff,17,0.41,4.23,Low
8861892abbfffff,20,0.459,4.01,Low
8861892c11fffff,8,0.444,5.22,High
8861892c11fffff,12,0.349,5.03,High
8861892c11fffff,17,0.468,5.23,High
8861892c11fffff,20,0.485,4.84,High
8861892c15fffff,8,0.434,4.8,Critical
8861892c15fffff,12,0.351,4.61,Critical
8861892c15fffff,17,0.456,4.81,Critical
8861892c15fffff,20,0.477,4.41,Critical
8861892c1bfffff,8,0.441,4.17,Critical
8861892c1bfffff,12,0.353,4.05,Critical
8861892c1bfffff,17,0.46,4.18,Critical
8861892c1bfffff,20,0.472,3.78,Critical
8861892c31fffff,8,0.431,5.25,Critical
8861892c31fffff,12,0.348,4.84,Critical
8861892c31fffff,17,0.447,5.26,Critical
8861892c31fffff,20,0.475,4.93,Critical
8861892c35fffff,8,0.421,5.86,Critical
8861892c35fffff,12,0.338,5.44,Critical
8861892c35fffff,17,0.442,5.87,Critical
8861892c35fffff,20,0.469,5.53,Critical
8861892c39fffff,8,0.431,5.22,High
8861892c39fffff,12,0.348,4.8,High
8861892c39fffff,17,0.449,5.23,High
8861892c39fffff,20,0.476,4.89,High
8861892c3bfffff,8,0.434,4.77,Medium
8861892c3bfffff,12,0.351,4.35,Medium
8861892c3bfffff,17,0.456,4.78,Medium
8861892c3bfffff,20,0.477,4.44,Medium
8861892c3dfffff,8,0.457,5.76,Medium
8861892c3dfffff,12,0.347,5.34,Medium
8861892c3dfffff,17,0.451,5.77,Medium
8861892c3dfffff,20,0.5,5.43,Medium
8861892c4bfffff,8,0.441,4.9,Critical
8861892c4bfffff,12,0.328,5.09,Critical
8861892c4bfffff,17,0.427,4.91,Critical
8861892c4bfffff,20,0.487,4.74,Critical
8861892c51fffff,8,0.455,5.16,High
8861892c51fffff,12,0.34,5.32,High
8861892c51fffff,17,0.445,5.14,High
8861892c51fffff,20,0.488,4.81,High
8861892c53fffff,8,0.428,5.16,High
8861892c53fffff,12,0.341,5.32,High
8861892c53fffff,17,0.444,5.14,High
8861892c53fffff,20,0.465,4.81,High
8861892c55fffff,8,0.457,4.12,Medium
8861892c55fffff,12,0.357,4.0,Medium
8861892c55fffff,17,0.439,4.13,Medium
8861892c55fffff,20,0.479,3.9,Medium
8861892c59fffff,8,0.461,4.88,Low
8861892c59fffff,12,0.363,5.04,Low
8861892c59fffff,17,0.437,4.86,Low
8861892c59fffff,20,0.479,4.6,Low
8861892c5bfffff,8,0.455,5.16,Critical
8861892c5bfffff,12,0.34,5.32,Critical
8861892c5bfffff,17,0.445,5.14,Critical
8861892c5bfffff,20,0.487,4.81,Critical
8861892c81fffff,8,0.429,4.84,High
8861892c81fffff,12,0.339,4.49,High
8861892c81fffff,17,0.443,4.79,High
8861892c81fffff,20,0.467,4.52,High
8861892c83fffff,8,0.427,4.82,Medium
8861892c83fffff,12,0.343,4.49,Medium
8861892c83fffff,17,0.441,4.83,Medium
8861892c83fffff,20,0.465,4.56,Medium
8861892c8dfffff,8,0.446,4.78,Medium
8861892c8dfffff,12,0.352,4.73,Medium
8861892c8dfffff,17,0.472,4.73,Medium
8861892c8dfffff,20,0.488,4.46,Medium
8861892c91fffff,8,0.423,4.83,Medium
8861892c91fffff,12,0.328,4.71,Medium
8861892c91fffff,17,0.441,4.84,Medium
8861892c91fffff,20,0.471,4.56,Medium
8861892c93fffff,8,0.424,5.66,Medium
8861892c93fffff,12,0.333,5.54,Medium
8861892c93fffff,17,0.44,5.76,Medium
8861892c93fffff,20,0.466,5.66,Medium
8861892c95fffff,8,0.424,5.05,Medium
8861892c95fffff,12,0.334,4.72,Medium
8861892c95fffff,17,0.444,5.06,Medium
8861892c95fffff,20,0.471,4.79,Medium
8861892c97fffff,8,0.42,5.5,Medium
8861892c97fffff,12,0.333,5.38,Medium
8861892c97fffff,17,0.43,5.61,Medium
8861892c97fffff,20,0.447,5.49,Medium
8861892c99fffff,8,0.434,4.38,Medium
8861892c99fffff,12,0.344,4.12,Medium
8861892c99fffff,17,0.454,4.4,Medium
8861892c99fffff,20,0.466,4.12,Medium
8861892c9bfffff,8,0.429,4.61,Medium
8861892c9bfffff,12,0.335,4.58,Medium
8861892c9bfffff,17,0.446,4.62,Medium
8861892c9bfffff,20,0.46,4.36,Medium
8861892c9dfffff,8,0.435,5.0,Medium
8861892c9dfffff,12,0.347,4.67,Medium
8861892c9dfffff,17,0.449,5.01,Medium
8861892c9dfffff,20,0.471,4.74,Medium
8861892ca1fffff,8,0.416,5.42,Low
8861892ca1fffff,12,0.336,5.22,Low
8861892ca1fffff,17,0.442,5.37,Low
8861892ca1fffff,20,0.464,5.07,Low
8861892cb1fffff,8,0.426,5.5,High
8861892cb1fffff,12,0.343,5.04,High
8861892cb1fffff,17,0.441,5.52,High
8861892cb1fffff,20,0.461,5.21,High
8861892cb3fffff,8,0.426,5.47,High
8861892cb3fffff,12,0.339,5.19,High
8861892cb3fffff,17,0.439,5.62,High
8861892cb3fffff,20,0.453,5.41,High
8861892cb5fffff,8,0.419,5.61,High
8861892cb5fffff,12,0.336,5.1,High
8861892cb5fffff,17,0.438,5.62,High
8861892cb5fffff,20,0.462,5.31,High
8861892cb7fffff,8,0.42,5.64,High
8861892cb7fffff,12,0.336,5.12,High
8861892cb7fffff,17,0.439,5.75,High
8861892cb7fffff,20,0.461,5.45,High
8861892cb9fffff,8,0.436,4.87,Critical
8861892cb9fffff,12,0.343,4.36,Critical
8861892cb9fffff,17,0.441,4.88,Critical
8861892cb9fffff,20,0.465,4.58,Critical
8861892cbbfffff,8,0.425,5.05,Low
8861892cbbfffff,12,0.338,4.75,Low
8861892cbbfffff,17,0.44,5.16,Low
8861892cbbfffff,20,0.462,4.86,Low
8861892cbdfffff,8,0.435,5.4,High
8861892cbdfffff,12,0.342,4.9,High
8861892cbdfffff,17,0.441,5.41,High
8861892cbdfffff,20,0.463,5.11,High
8861892cc1fffff,8,0.448,3.99,Medium
8861892cc1fffff,12,0.358,3.87,Medium
8861892cc1fffff,17,0.474,4.01,Medium
8861892cc1fffff,20,0.484,3.7,Medium
8861892cc3fffff,8,0.443,5.3,Low
8861892cc3fffff,12,0.347,5.31,Low
8861892cc3fffff,17,0.469,5.21,Low
8861892cc3fffff,20,0.48,4.93,Low
8861892cc5fffff,8,0.471,4.54,Low
8861892cc5fffff,12,0.381,4.35,Low
8861892cc5fffff,17,0.498,4.55,Low
8861892cc5fffff,20,0.51,4.29,Low
8861892cc7fffff,8,0.444,4.65,Low
8861892cc7fffff,12,0.351,4.59,Low
8861892cc7fffff,17,0.473,4.66,Low
8861892cc7fffff,20,0.488,4.35,Low
8861892cc9fffff,8,0.448,5.02,Critical
8861892cc9fffff,12,0.36,4.9,Critical
8861892cc9fffff,17,0.474,5.0,Critical
8861892cc9fffff,20,0.482,4.68,Critical
8861892ccbfffff,8,0.433,5.32,Medium
8861892ccbfffff,12,0.343,5.62,Medium
8861892ccbfffff,17,0.457,5.24,Medium
8861892ccbfffff,20,0.468,4.95,Medium
8861892ccdfffff,8,0.45,3.84,Low
8861892ccdfffff,12,0.362,3.72,Low
8861892ccdfffff,17,0.477,3.85,Low
8861892ccdfffff,20,0.485,3.59,Low
8861892cd1fffff,8,0.429,5.38,High
8861892cd1fffff,12,0.345,5.38,High
8861892cd1fffff,17,0.442,5.3,High
8861892cd1fffff,20,0.456,5.01,High
8861892cd3fffff,8,0.428,5.42,Medium
8861892cd3fffff,12,0.344,5.44,Medium
8861892cd3fffff,17,0.442,5.4,Medium
8861892cd3fffff,20,0.459,5.11,Medium
8861892cd7fffff,8,0.445,4.18,Low
8861892cd7fffff,12,0.345,3.92,Low
8861892cd7fffff,17,0.452,4.2,Low
8861892cd7fffff,20,0.464,3.92,Low
8861892cdbfffff,8,0.441,5.39,Medium
8861892cdbfffff,12,0.354,5.41,Medium
8861892cdbfffff,17,0.452,5.37,Medium
8861892cdbfffff,20,0.462,5.08,Medium
8861892ce1fffff,8,0.446,4.95,Medium
8861892ce1fffff,12,0.363,4.6,Medium
8861892ce1fffff,17,0.47,4.96,Medium
8861892ce1fffff,20,0.488,4.63,Medium
8861892ce3fffff,8,0.445,4.72,Low
8861892ce3fffff,12,0.36,4.51,Low
8861892ce3fffff,17,0.47,4.73,Low
8861892ce3fffff,20,0.487,4.4,Low
8861892ce9fffff,8,0.451,4.49,High
8861892ce9fffff,12,0.37,4.31,High
8861892ce9fffff,17,0.476,4.51,High
8861892ce9fffff,20,0.489,4.25,High
8861892cebfffff,8,0.451,4.65,Medium
8861892cebfffff,12,0.358,4.46,Medium
8861892cebfffff,17,0.477,4.66,Medium
8861892cebfffff,20,0.493,4.35,Medium
8861892cedfffff,8,0.444,4.69,Critical
8861892cedfffff,12,0.364,4.34,Critical
8861892cedfffff,17,0.469,4.7,Critical
8861892cedfffff,20,0.485,4.37,Critical
8861892d87fffff,8,0.457,4.81,Medium
8861892d87fffff,12,0.352,4.47,Medium
8861892d87fffff,17,0.476,4.91,Medium
8861892d87fffff,20,0.485,4.6,Medium
8861892da3fffff,8,0.465,3.61,Medium
8861892da3fffff,12,0.36,3.28,Medium
8861892da3fffff,17,0.48,3.71,Medium
8861892da3fffff,20,0.491,3.53,Medium
8861892db3fffff,8,0.433,5.16,Low
8861892db3fffff,12,0.33,4.96,Low
8861892db3fffff,17,0.448,5.2,Low
8861892db3fffff,20,0.469,4.93,Low
8861892db5fffff,8,0.445,3.74,Low
8861892db5fffff,12,0.337,3.41,Low
8861892db5fffff,17,0.474,3.84,Low
8861892db5fffff,20,0.49,3.66,Low
8861892db7fffff,8,0.441,4.01,Low
8861892db7fffff,12,0.327,3.8,Low
8861892db7fffff,17,0.466,4.04,Low
8861892db7fffff,20,0.482,3.9,Low
8861892dbbfffff,8,0.447,4.94,Low
8861892dbbfffff,12,0.336,4.73,Low
8861892dbbfffff,17,0.464,5.04,Low
8861892dbbfffff,20,0.479,4.74,Low
8861892dc9fffff,8,0.425,4.99,High
8861892dc9fffff,12,0.341,4.65,High
8861892dc9fffff,17,0.445,5.0,High
8861892dc9fffff,20,0.47,4.66,High
8861892dd1fffff,8,0.446,5.17,Critical
8861892dd1fffff,12,0.365,4.84,Critical
8861892dd1fffff,17,0.476,5.19,Critical
8861892dd1fffff,20,0.486,4.85,Critical
8861892dd5fffff,8,0.435,5.55,Low
8861892dd5fffff,12,0.355,5.22,Low
8861892dd5fffff,17,0.456,5.32,Low
8861892dd5fffff,20,0.473,4.81,Low
8861892dd9fffff,8,0.443,5.17,Critical
8861892dd9fffff,12,0.362,4.84,Critical
8861892dd9fffff,17,0.472,5.19,Critical
8861892dd9fffff,20,0.483,4.85,Critical
8861892ddbfffff,8,0.444,5.05,High
8861892ddbfffff,12,0.362,4.7,High
8861892ddbfffff,17,0.473,5.06,High
8861892ddbfffff,20,0.488,4.72,High
8861892e01fffff,8,0.458,5.37,Critical
8861892e01fffff,12,0.346,5.84,Critical
8861892e01fffff,17,0.417,5.47,Critical
8861892e01fffff,20,0.458,5.49,Critical
8861892e03fffff,8,0.459,4.59,High
8861892e03fffff,12,0.346,5.05,High
8861892e03fffff,17,0.422,4.7,High
8861892e03fffff,20,0.454,4.77,High
8861892e05fffff,8,0.432,5.02,Low
8861892e05fffff,12,0.317,5.25,Low
8861892e05fffff,17,0.406,4.89,Low
8861892e05fffff,20,0.462,4.81,Low
8861892e07fffff,8,0.437,5.21,Critical
8861892e07fffff,12,0.327,5.54,Critical
8861892e07fffff,17,0.409,5.16,Critical
8861892e07fffff,20,0.46,5.12,Critical
8861892e09fffff,8,0.439,4.83,Low
8861892e09fffff,12,0.334,4.56,Low
8861892e09fffff,17,0.414,4.84,Low
8861892e09fffff,20,0.471,4.65,Low
8861892e0bfffff,8,0.448,4.62,Medium
8861892e0bfffff,12,0.342,4.44,Medium
8861892e0bfffff,17,0.412,4.73,Medium
8861892e0bfffff,20,0.452,4.55,Medium
8861892e0dfffff,8,0.468,4.99,Critical
8861892e0dfffff,12,0.368,5.43,Critical
8861892e0dfffff,17,0.431,5.06,Critical
8861892e0dfffff,20,0.495,4.94,Critical
8861892e11fffff,8,0.469,4.7,Low
8861892e11fffff,12,0.359,4.41,Low
8861892e11fffff,17,0.434,4.69,Low
8861892e11fffff,20,0.491,4.52,Low
8861892e13fffff,8,0.466,4.32,Low
8861892e13fffff,12,0.366,4.13,Low
8861892e13fffff,17,0.435,4.37,Low
8861892e13fffff,20,0.476,4.01,Low
8861892e17fffff,8,0.473,5.34,Critical
8861892e17fffff,12,0.363,5.72,Critical
8861892e17fffff,17,0.445,5.39,Critical
8861892e17fffff,20,0.487,5.48,Critical
8861892e1dfffff,8,0.455,4.43,Critical
8861892e1dfffff,12,0.351,4.14,Critical
8861892e1dfffff,17,0.422,4.43,Critical
8861892e1dfffff,20,0.479,4.29,Critical
8861892e21fffff,8,0.472,4.94,Medium
8861892e21fffff,12,0.367,5.16,Medium
8861892e21fffff,17,0.448,4.81,Medium
8861892e21fffff,20,0.519,4.47,Medium
8861892e25fffff,8,0.454,4.36,High
8861892e25fffff,12,0.349,4.47,High
8861892e25fffff,17,0.395,4.31,High
8861892e25fffff,20,0.427,3.97,High
8861892e27fffff,8,0.428,5.12,Medium
8861892e27fffff,12,0.317,5.37,Medium
8861892e27fffff,17,0.409,5.18,Medium
8861892e27fffff,20,0.456,5.02,Medium
8861892e29fffff,8,0.465,4.78,Critical
8861892e29fffff,12,0.363,5.0,Critical
8861892e29fffff,17,0.44,5.06,Critical
8861892e29fffff,20,0.51,4.62,Critical
8861892e2bfffff,8,0.431,4.54,Critical
8861892e2bfffff,12,0.322,4.8,Critical
8861892e2bfffff,17,0.404,4.77,Critical
8861892e2bfffff,20,0.466,4.44,Critical
8861892e2dfffff,8,0.452,4.77,Critical
8861892e2dfffff,12,0.353,5.03,Critical
8861892e2dfffff,17,0.444,4.98,Critical
8861892e2dfffff,20,0.487,4.78,Critical
8861892e39fffff,8,0.474,4.65,Critical
8861892e39fffff,12,0.355,4.92,Critical
8861892e39fffff,17,0.446,4.54,Critical
8861892e39fffff,20,0.502,4.37,Critical
8861892e3bfffff,8,0.457,5.08,Low
8861892e3bfffff,12,0.344,5.2,Low
8861892e3bfffff,17,0.432,4.84,Low
8861892e3bfffff,20,0.499,4.79,Low
8861892e3dfffff,8,0.433,4.41,Low
8861892e3dfffff,12,0.323,4.73,Low
8861892e3dfffff,17,0.419,4.53,Low
8861892e3dfffff,20,0.463,4.39,Low
8861892e41fffff,8,0.444,5.18,Critical
8861892e41fffff,12,0.336,4.77,Critical
8861892e41fffff,17,0.442,5.31,Critical
8861892e41fffff,20,0.472,5.4,Critical
8861892e43fffff,8,0.443,4.72,Low
8861892e43fffff,12,0.328,4.22,Low
8861892e43fffff,17,0.417,4.81,Low
8861892e43fffff,20,0.474,4.5,Low
8861892e45fffff,8,0.447,5.44,Critical
8861892e45fffff,12,0.354,5.3,Critical
8861892e45fffff,17,0.43,5.56,Critical
8861892e45fffff,20,0.454,5.38,Critical
8861892e47fffff,8,0.439,6.46,Critical
8861892e47fffff,12,0.351,6.07,Critical
8861892e47fffff,17,0.423,6.44,Critical
8861892e47fffff,20,0.452,6.32,Critical
8861892e49fffff,8,0.456,5.02,Critical
8861892e49fffff,12,0.344,5.21,Critical
8861892e49fffff,17,0.455,5.73,Critical
8861892e49fffff,20,0.466,5.84,Critical
8861892e4bfffff,8,0.46,4.07,Medium
8861892e4bfffff,12,0.343,4.23,Medium
8861892e4bfffff,17,0.399,3.76,Medium
8861892e4bfffff,20,0.421,3.6,Medium
8861892e4dfffff,8,0.449,5.58,High
8861892e4dfffff,12,0.346,5.05,High
8861892e4dfffff,17,0.426,5.59,High
8861892e4dfffff,20,0.461,5.61,High
8861892e53fffff,8,0.485,4.21,Medium
8861892e53fffff,12,0.365,3.9,Medium
8861892e53fffff,17,0.456,4.41,Medium
8861892e53fffff,20,0.503,4.28,Medium
8861892e55fffff,8,0.451,4.13,High
8861892e55fffff,12,0.335,3.94,High
8861892e55fffff,17,0.416,4.4,High
8861892e55fffff,20,0.477,4.08,High
8861892e5bfffff,8,0.452,4.61,Low
8861892e5bfffff,12,0.332,4.9,Low
8861892e5bfffff,17,0.423,4.89,Low
8861892e5bfffff,20,0.459,4.83,Low
8861892e61fffff,8,0.432,6.38,High
8861892e61fffff,12,0.335,6.7,High
8861892e61fffff,17,0.444,6.45,High
8861892e61fffff,20,0.467,6.31,High
8861892e65fffff,8,0.457,6.68,Medium
8861892e65fffff,12,0.356,6.95,Medium
8861892e65fffff,17,0.44,6.7,Medium
8861892e65fffff,20,0.47,6.42,Medium
8861892e67fffff,8,0.428,6.38,High
8861892e67fffff,12,0.332,6.7,High
8861892e67fffff,17,0.44,6.45,High
8861892e67fffff,20,0.459,6.31,High
8861892e69fffff,8,0.466,5.9,Critical
8861892e69fffff,12,0.37,5.88,Critical
8861892e69fffff,17,0.428,5.94,Critical
8861892e69fffff,20,0.459,5.88,Critical
8861892e6bfffff,8,0.456,5.02,High
8861892e6bfffff,12,0.36,4.92,High
8861892e6bfffff,17,0.433,5.11,High
8861892e6bfffff,20,0.475,4.99,High
8861892e6dfffff,8,0.459,6.63,Critical
8861892e6dfffff,12,0.362,6.9,Critical
8861892e6dfffff,17,0.44,6.54,Critical
8861892e6dfffff,20,0.463,6.41,Critical
8861892e83fffff,8,0.452,5.0,Medium
8861892e83fffff,12,0.347,5.27,Medium
8861892e83fffff,17,0.466,5.04,Medium
8861892e83fffff,20,0.474,4.75,Medium
8861892e85fffff,8,0.439,5.02,Critical
8861892e85fffff,12,0.354,5.26,Critical
8861892e85fffff,17,0.454,5.03,Critical
8861892e85fffff,20,0.464,4.72,Critical
8861892e87fffff,8,0.452,4.97,Critical
8861892e87fffff,12,0.362,5.21,Critical
8861892e87fffff,17,0.464,4.87,Critical
8861892e87fffff,20,0.476,4.49,Critical
8861892e89fffff,8,0.445,5.04,Critical
8861892e89fffff,12,0.359,4.68,Critical
8861892e89fffff,17,0.457,5.0,Critical
8861892e89fffff,20,0.484,4.61,Critical
8861892e8bfffff,8,0.449,5.01,Low
8861892e8bfffff,12,0.363,4.49,Low
8861892e8bfffff,17,0.451,4.96,Low
8861892e8bfffff,20,0.472,4.57,Low
8861892e91fffff,8,0.447,5.19,High
8861892e91fffff,12,0.355,5.04,High
8861892e91fffff,17,0.46,5.08,High
8861892e91fffff,20,0.485,4.73,High
8861892e93fffff,8,0.44,5.16,Critical
8861892e93fffff,12,0.362,4.98,Critical
8861892e93fffff,17,0.44,5.06,Critical
8861892e93fffff,20,0.463,4.7,Critical
8861892e95fffff,8,0.457,4.88,Medium
8861892e95fffff,12,0.358,5.39,Medium
8861892e95fffff,17,0.47,4.93,Medium
8861892e95fffff,20,0.475,4.79,Medium
8861892e97fffff,8,0.439,5.09,Medium
8861892e97fffff,12,0.346,5.6,Medium
8861892e97fffff,17,0.458,5.08,Medium
8861892e97fffff,20,0.469,4.93,Medium
8861892e99fffff,8,0.454,4.97,High
8861892e99fffff,12,0.364,4.72,High
8861892e99fffff,17,0.471,4.96,High
8861892e99fffff,20,0.502,4.63,High
8861892e9bfffff,8,0.437,5.15,Critical
8861892e9bfffff,12,0.35,4.87,Critical
8861892e9bfffff,17,0.444,4.96,Critical
8861892e9bfffff,20,0.47,4.71,Critical
8861892e9dfffff,8,0.446,4.86,High
8861892e9dfffff,12,0.354,4.8,High
8861892e9dfffff,17,0.458,4.91,High
8861892e9dfffff,20,0.471,4.48,High
8861892ea1fffff,8,0.432,5.13,Low
8861892ea1fffff,12,0.345,5.3,Low
8861892ea1fffff,17,0.454,5.11,Low
8861892ea1fffff,20,0.465,4.79,Low
8861892ea3fffff,8,0.447,5.2,Medium
8861892ea3fffff,12,0.361,5.36,Medium
8861892ea3fffff,17,0.468,5.18,Medium
8861892ea3fffff,20,0.478,4.85,Medium
8861892ea5fffff,8,0.433,5.13,Medium
8861892ea5fffff,12,0.345,5.3,Medium
8861892ea5fffff,17,0.454,5.11,Medium
8861892ea5fffff,20,0.466,4.79,Medium
8861892ea7fffff,8,0.438,5.13,High
8861892ea7fffff,12,0.354,5.3,High
8861892ea7fffff,17,0.456,5.11,High
8861892ea7fffff,20,0.464,4.79,High
8861892ea9fffff,8,0.432,5.28,Critical
8861892ea9fffff,12,0.343,5.52,Critical
8861892ea9fffff,17,0.454,5.19,Critical
8861892ea9fffff,20,0.468,4.95,Critical
8861892eadfffff,8,0.44,5.04,Critical
8861892eadfffff,12,0.352,5.21,Critical
8861892eadfffff,17,0.458,5.02,Critical
8861892eadfffff,20,0.474,4.7,Critical
8861892eb1fffff,8,0.436,5.21,High
8861892eb1fffff,12,0.344,5.58,High
8861892eb1fffff,17,0.459,5.16,High
8861892eb1fffff,20,0.472,4.86,High
8861892eb5fffff,8,0.43,5.15,High
8861892eb5fffff,12,0.34,5.45,High
8861892eb5fffff,17,0.457,5.13,High
8861892eb5fffff,20,0.467,4.81,High
8861892eb9fffff,8,0.448,5.0,Critical
8861892eb9fffff,12,0.354,5.37,Critical
8861892eb9fffff,17,0.461,4.9,Critical
8861892eb9fffff,20,0.474,4.52,Critical
8861892ebbfffff,8,0.445,5.09,Critical
8861892ebbfffff,12,0.348,5.46,Critical
8861892ebbfffff,17,0.456,4.93,Critical
8861892ebbfffff,20,0.473,4.58,Critical
8861892ebdfffff,8,0.436,5.18,Low
8861892ebdfffff,12,0.348,5.42,Low
8861892ebdfffff,17,0.461,5.08,Low
8861892ebdfffff,20,0.472,4.85,Low
8861892ec1fffff,8,0.443,4.57,Medium
8861892ec1fffff,12,0.356,4.12,Medium
8861892ec1fffff,17,0.454,4.56,Medium
8861892ec1fffff,20,0.488,4.2,Medium
8861892ec3fffff,8,0.447,4.87,High
8861892ec3fffff,12,0.36,4.35,High
8861892ec3fffff,17,0.465,4.86,High
8861892ec3fffff,20,0.498,4.5,High
8861892ec7fffff,8,0.441,4.72,Critical
8861892ec7fffff,12,0.355,4.36,Critical
8861892ec7fffff,17,0.453,4.68,Critical
8861892ec7fffff,20,0.484,4.29,Critical
8861892ec9fffff,8,0.475,4.51,High
8861892ec9fffff,12,0.362,4.76,High
8861892ec9fffff,17,0.466,4.58,High
8861892ec9fffff,20,0.51,4.24,High
8861892ecbfffff,8,0.453,4.4,Critical
8861892ecbfffff,12,0.367,4.65,Critical
8861892ecbfffff,17,0.473,4.47,Critical
8861892ecbfffff,20,0.487,4.13,Critical
8861892ecdfffff,8,0.471,4.59,High
8861892ecdfffff,12,0.356,4.04,High
8861892ecdfffff,17,0.46,4.64,High
8861892ecdfffff,20,0.522,4.28,High
8861892ed1fffff,8,0.463,4.8,Medium
8861892ed1fffff,12,0.376,4.21,Medium
8861892ed1fffff,17,0.481,4.74,Medium
8861892ed1fffff,20,0.489,4.4,Medium
8861892ed3fffff,8,0.459,4.85,Critical
8861892ed3fffff,12,0.368,4.6,Critical
8861892ed3fffff,17,0.485,4.92,Critical
8861892ed3fffff,20,0.492,4.59,Critical
8861892ed5fffff,8,0.451,4.77,High
8861892ed5fffff,12,0.368,4.33,High
8861892ed5fffff,17,0.466,4.76,High
8861892ed5fffff,20,0.497,4.4,High
8861892ed7fffff,8,0.451,5.04,Critical
8861892ed7fffff,12,0.369,4.5,Critical
8861892ed7fffff,17,0.469,5.05,Critical
8861892ed7fffff,20,0.48,4.72,Critical
8861892ed9fffff,8,0.446,4.72,High
8861892ed9fffff,12,0.366,4.94,High
8861892ed9fffff,17,0.453,4.94,High
8861892ed9fffff,20,0.471,4.58,High
8861892eddfffff,8,0.454,4.75,Medium
8861892eddfffff,12,0.367,5.0,Medium
8861892eddfffff,17,0.468,4.82,Medium
8861892eddfffff,20,0.482,4.48,Medium
8861892ee5fffff,8,0.458,4.65,Low
8861892ee5fffff,12,0.328,4.89,Low
8861892ee5fffff,17,0.44,4.66,Low
8861892ee5fffff,20,0.484,4.39,Low
8861892ee7fffff,8,0.435,4.85,Medium
8861892ee7fffff,12,0.346,5.02,Medium
8861892ee7fffff,17,0.449,4.86,Medium
8861892ee7fffff,20,0.472,4.5,Medium
8861892ee9fffff,8,0.475,4.23,Low
8861892ee9fffff,12,0.337,4.18,Low
8861892ee9fffff,17,0.449,4.28,Low
8861892ee9fffff,20,0.489,4.17,Low
8861892eebfffff,8,0.471,4.88,High
8861892eebfffff,12,0.351,4.69,High
8861892eebfffff,17,0.454,4.93,High
8861892eebfffff,20,0.495,4.61,High
8861892eedfffff,8,0.455,4.58,Low
8861892eedfffff,12,0.356,4.82,Low
8861892eedfffff,17,0.444,4.59,Low
8861892eedfffff,20,0.472,4.35,Low
8861892f47fffff,8,0.486,4.31,High
8861892f47fffff,12,0.381,4.19,High
8861892f47fffff,17,0.434,4.29,High
8861892f47fffff,20,0.486,4.01,High
8861892f4dfffff,8,0.473,3.33,Low
8861892f4dfffff,12,0.363,3.58,Low
8861892f4dfffff,17,0.428,3.75,Low
8861892f4dfffff,20,0.468,3.44,Low
8861892f51fffff,8,0.472,5.61,Critical
8861892f51fffff,12,0.366,5.53,Critical
8861892f51fffff,17,0.448,5.77,Critical
8861892f51fffff,20,0.457,5.49,Critical
8861892f53fffff,8,0.441,5.42,Critical
8861892f53fffff,12,0.343,5.69,Critical
8861892f53fffff,17,0.446,5.63,Critical
8861892f53fffff,20,0.467,5.49,Critical
8861892f55fffff,8,0.471,5.81,Medium
8861892f55fffff,12,0.368,5.74,Medium
8861892f55fffff,17,0.44,5.87,Medium
8861892f55fffff,20,0.468,5.55,Medium
8861892f57fffff,8,0.463,4.83,Medium
8861892f57fffff,12,0.357,4.76,Medium
8861892f57fffff,17,0.44,4.91,Medium
8861892f57fffff,20,0.456,4.67,Medium
8861892f5bfffff,8,0.443,5.4,Critical
8861892f5bfffff,12,0.344,5.66,Critical
8861892f5bfffff,17,0.444,5.61,Critical
8861892f5bfffff,20,0.468,5.46,Critical
8861892f69fffff,8,0.464,4.08,Low
8861892f69fffff,12,0.358,3.89,Low
8861892f69fffff,17,0.41,4.06,Low
8861892f69fffff,20,0.458,3.86,Low
88618934a1fffff,8,0.426,4.74,Low
88618934a1fffff,12,0.301,5.67,Low
88618934a1fffff,17,0.391,5.84,Low
88618934a1fffff,20,0.469,5.5,Low
88618934a5fffff,8,0.44,4.37,Low
88618934a5fffff,12,0.303,5.21,Low
88618934a5fffff,17,0.399,5.38,Low
88618934a5fffff,20,0.442,5.46,Low
88618934a7fffff,8,0.443,3.77,Critical
88618934a7fffff,12,0.303,4.61,Critical
88618934a7fffff,17,0.408,4.78,Critical
88618934a7fffff,20,0.449,5.15,Critical
88618934adfffff,8,0.448,4.56,Low
88618934adfffff,12,0.318,5.49,Low
88618934adfffff,17,0.411,5.32,Low
88618934adfffff,20,0.479,4.99,Low
886189359bfffff,8,0.443,4.52,High
886189359bfffff,12,0.304,5.35,High
886189359bfffff,17,0.415,5.53,High
886189359bfffff,20,0.456,5.79,High
