grid_lat,grid_lon,density,raw_count
12.8077,77.4676,1.1205503593950578e-06,0
12.8077,77.4776,1.3144236974390279e-05,0
12.8077,77.4876,9.807809628040691e-05,0
12.8077,77.4976,0.0004717198814807633,0
12.8077,77.5076,0.001466515622962539,0
12.8077,77.5176,0.002959256039895995,0
12.8077,77.5276,0.003911305700977283,0
12.8077,77.5376,0.0035111234185382697,0
12.8077,77.5476,0.0027694678735214803,0
12.8077,77.5576,0.004246237887699695,0
12.8077,77.5676,0.010229267626530562,0
12.8077,77.5776,0.019084472157943188,0
12.8077,77.5876,0.023773282140558693,0
12.8077,77.5976,0.021298328289382048,0
12.8077,77.6076,0.027452181037246635,0
12.8077,77.6176,0.08638856650566969,0
12.8077,77.6276,0.25774012928888934,0
12.8077,77.6376,0.5432538919701003,0
12.8077,77.6476,0.890564051408081,0
12.8077,77.6576,1.4670163635091953,0
12.8077,77.6676,2.7008901627271293,0
12.8077,77.6776,4.506379346583566,0
12.8077,77.6876,5.725192865912623,0
12.8077,77.6976,5.211819635595866,18
12.8077,77.7076,3.331929509168596,1
12.8077,77.7176,1.4795972107115114,0
12.8077,77.7276,0.45257838854393234,0
12.8077,77.7376,0.09478971666309643,0
12.8077,77.7476,0.013535841781510833,0
12.8077,77.7576,0.0012650373012694958,0
12.8077,77.7676,4.302989731407874e-05,0
12.8177,77.4476,4.273080572440699e-05,0
12.8177,77.4576,2.8764687356058997e-05,0
12.8177,77.4676,2.0814150833569536e-05,0
12.8177,77.4776,9.673747215317802e-05,0
12.8177,77.4876,0.0006969036137150637,0
12.8177,77.4976,0.0033802704661848354,0
12.8177,77.5076,0.010678989530701379,0
12.8177,77.5176,0.02210204725164393,0
12.8177,77.5276,0.030338774686800345,0
12.8177,77.5376,0.028558589979457608,0
12.8177,77.5476,0.022011371338759713,0
12.8177,77.5576,0.026262811196236427,0
12.8177,77.5676,0.05443384795753156,0
12.8177,77.5776,0.09805522013933879,0
12.8177,77.5876,0.12083119771646073,0
12.8177,77.5976,0.10339878221119654,0
12.8177,77.6076,0.09930911058164758,0
12.8177,77.6176,0.24260514905835784,0
12.8177,77.6276,0.6917296422018014,0
12.8177,77.6376,1.421814012339468,0
12.8177,77.6476,2.153722115026137,0
12.8177,77.6576,2.8902975254566865,0
12.8177,77.6676,4.086407010250768,0
12.8177,77.6776,5.5664848476277555,0
12.8177,77.6876,6.10835547931984,30
12.8177,77.6976,4.951030427972082,0
12.8177,77.7076,2.8795166073123264,0
12.8177,77.7176,1.1866798545032415,0
12.8177,77.7276,0.3434149662437015,0
12.8177,77.7376,0.0692699900935805,0
12.8177,77.7476,0.009676360675246569,0
12.8177,77.7576,0.0009092410028103291,0
12.8177,77.7676,6.343630148524471e-05,0
12.8277,77.4476,0.0004925357204244312,0
12.8277,77.4576,0.000332166291185842,0
12.8277,77.4676,0.00019133688148351396,0
12.8277,77.4776,0.0005173214899505739,0
12.8277,77.4876,0.0035178488881465325,0
12.8277,77.4976,0.01717028958726021,0
12.8277,77.5076,0.05524650668826129,0
12.8277,77.5176,0.11772357901376444,0
12.8277,77.5276,0.16849707453360221,0
12.8277,77.5376,0.16719004609974342,0
12.8277,77.5476,0.13087701212840996,0
12.8277,77.5576,0.13073129462069596,0
12.8277,77.5676,0.22666395380768914,0
12.8277,77.5776,0.3871216215846515,0
12.8277,77.5876,0.47145456252497236,0
12.8277,77.5976,0.39605964625622114,0
12.8277,77.6076,0.3122381495774566,0
12.8277,77.6176,0.5608257933440036,0
12.8277,77.6276,1.4849293524515748,0
12.8277,77.6376,3.001882636395387,0
12.8277,77.6476,4.40294764990783,0
12.8277,77.6576,5.3122507804219055,0
12.8277,77.6676,6.178712585528812,0
12.8277,77.6776,6.862923675912037,14
12.8277,77.6876,6.317908024977142,10
12.8277,77.6976,4.380244762778062,0
12.8277,77.7076,2.212396523035687,0
12.8277,77.7176,0.8084399009686667,0
12.8277,77.7276,0.21405707288289766,0
12.8277,77.7376,0.04150259030460357,0
12.8277,77.7476,0.006378615726491087,0
12.8277,77.7576,0.001259195355136212,0
12.8277,77.7676,0.0006657850206847065,0
12.8377,77.4476,0.003764957478662543,0
12.8377,77.4576,0.002597058648057076,0
12.8377,77.4676,0.0013984732918120805,0
12.8377,77.4776,0.0020637824713227097,0
12.8377,77.4876,0.011963010970729925,0
12.8377,77.4976,0.05836473335811843,0
12.8377,77.5076,0.19232573376080847,0
12.8377,77.5176,0.42627497427497907,0
12.8377,77.5276,0.6446314643436925,0
12.8377,77.5376,0.6848781649902486,0
12.8377,77.5476,0.5616335260337373,0
12.8377,77.5576,0.49623475703022946,0
12.8377,77.5676,0.6933847342191928,0
12.8377,77.5776,1.087417851684744,0
12.8377,77.5876,1.3077755811834644,0
12.8377,77.5976,1.1085150803738182,0
12.8377,77.6076,0.7933210088830661,0
12.8377,77.6176,1.0177751282447622,0
12.8377,77.6276,2.336160959050804,0
12.8377,77.6376,4.603528757707446,0
12.8377,77.6476,6.679295348381135,47
12.8377,77.6576,7.67038272533893,3
12.8377,77.6676,7.86675051744122,8
12.8377,77.6776,7.40942697641376,35
12.8377,77.6876,5.846409981762015,3
12.8377,77.6976,3.5376373302002326,0
12.8377,77.7076,1.5898569597351124,0
12.8377,77.7176,0.5367714106770591,0
12.8377,77.7276,0.14281758247414655,0
12.8377,77.7376,0.034682354539657206,0
12.8377,77.7476,0.012030371493074853,0
12.8377,77.7576,0.007524117811987513,0
12.8377,77.7676,0.0058903143241837985,0
12.8477,77.4476,0.018776074712962137,0
12.8477,77.4576,0.013420755632930364,0
12.8477,77.4676,0.007556897021844076,0
12.8477,77.4776,0.007230939719295779,0
12.8477,77.4876,0.02918520508709454,0
12.8477,77.4976,0.13683010681703156,0
12.8477,77.5076,0.4616688862899797,0
12.8477,77.5176,1.0741957954997474,0
12.8477,77.5276,1.7374851517141146,0
12.8477,77.5376,2.0031983811518534,0
12.8477,77.5476,1.7644470874575744,0
12.8477,77.5576,1.4774977102695177,0
12.8477,77.5676,1.6652657213472484,0
12.8477,77.5776,2.3036693296300754,0
12.8477,77.5876,2.735734350972579,7
12.8477,77.5976,2.429080794641617,0
12.8477,77.6076,1.7813026575766615,0
12.8477,77.6176,1.8110848758698241,0
12.8477,77.6276,3.2985171780930647,0
12.8477,77.6376,6.035186124008305,3
12.8477,77.6476,8.558620695096307,13
12.8477,77.6576,9.453774675894564,5
12.8477,77.6676,8.723525954926297,6
12.8477,77.6776,7.0138740604123395,2
12.8477,77.6876,4.76300180829022,5
12.8477,77.6976,2.5899549257199546,0
12.8477,77.7076,1.1195524082040407,0
12.8477,77.7176,0.4098511623447379,0
12.8477,77.7276,0.14775191415415523,0
12.8477,77.7376,0.07175951216703694,0
12.8477,77.7476,0.054101553381035845,0
12.8477,77.7576,0.0446533038870115,0
12.8477,77.7676,0.035969262652491764,0
12.8577,77.4476,0.06409937811425767,0
12.8577,77.4576,0.04924140673501538,0
12.8577,77.4676,0.03206693657579339,0
12.8577,77.4776,0.02628771518564024,0
12.8577,77.4876,0.058985568863797334,0
12.8577,77.4976,0.23328860080657848,0
12.8577,77.5076,0.789174513865813,0
12.8577,77.5176,1.932986000546598,0
12.8577,77.5276,3.369626718327902,11
12.8577,77.5376,4.252864962484776,0
12.8577,77.5476,4.1012382274301284,0
12.8577,77.5576,3.4958298795042744,0
12.8577,77.5676,3.4039252814705394,1
12.8577,77.5776,4.079261966746469,0
12.8577,77.5876,4.771816296667213,24
12.8577,77.5976,4.577142160135799,0
12.8577,77.6076,3.743641302918811,0
12.8577,77.6176,3.6811439051055572,1
12.8577,77.6276,5.509421481020596,0
12.8577,77.6376,8.747207107344398,0
12.8577,77.6476,11.372490120328454,3
12.8577,77.6576,11.589554511339681,7
12.8577,77.6676,9.474747633552013,16
12.8577,77.6776,6.422142117732097,5
12.8577,77.6876,3.6746283981958894,0
12.8577,77.6976,1.8061254695843612,0
12.8577,77.7076,0.8177160533656138,3
12.8577,77.7176,0.391082797193827,0
12.8577,77.7276,0.23888170971579015,0
12.8577,77.7376,0.21158320943635428,0
12.8577,77.7476,0.21132230908853905,0
12.8577,77.7576,0.18416168027930113,0
12.8577,77.7676,0.1478662133404847,0
12.8677,77.4476,0.16042777936459351,0
12.8677,77.4576,0.13978028281870075,0
12.8677,77.4676,0.11375448171491816,0
12.8677,77.4776,0.09920103885044379,0
12.8677,77.4876,0.128181046621311,0
12.8677,77.4976,0.3247978099575167,0
12.8677,77.5076,1.009414476655018,0
12.8677,77.5176,2.56256412832293,0
12.8677,77.5276,4.813328551028919,3
12.8677,77.5376,6.6814587010935425,29
12.8677,77.5476,7.168317738138239,0
12.8677,77.5576,6.6185417095791035,0
12.8677,77.5676,6.251000214378259,5
12.8677,77.5776,6.780845220087347,3
12.8677,77.5876,7.726801731829044,3
12.8677,77.5976,7.8706603815271325,1
12.8677,77.6076,7.131705370776102,0
12.8677,77.6176,7.428647398016702,0
12.8677,77.6276,10.28772040972121,0
12.8677,77.6376,14.315912056329134,0
12.8677,77.6476,16.33375640409273,10
12.8677,77.6576,14.724339872465688,52
12.8677,77.6676,10.655378540942957,0
12.8677,77.6776,6.35294260971437,0
12.8677,77.6876,3.2419111195150587,0
12.8677,77.6976,1.5552992683584386,0
12.8677,77.7076,0.832556532745657,0
12.8677,77.7176,0.5571439890687813,0
12.8677,77.7276,0.49256107070631827,0
12.8677,77.7376,0.5463213100192814,0
12.8677,77.7476,0.5820041913851451,0
12.8677,77.7576,0.5098272263839225,0
12.8677,77.7676,0.40572426566830866,0
12.8777,77.4476,0.3193074473826818,1
12.8777,77.4576,0.32825409476311623,0
12.8777,77.4676,0.33741771644280455,0
12.8777,77.4776,0.3351739952340357,0
12.8777,77.4876,0.33893386219506083,0
12.8777,77.4976,0.4756295983402579,0
12.8777,77.5076,1.0900338066715676,0
12.8777,77.5176,2.676711647834317,1
12.8777,77.5276,5.323324460496185,3
12.8777,77.5376,8.114562016343175,17
12.8777,77.5476,9.799089065878118,39
12.8777,77.5576,10.239972033398463,2
12.8777,77.5676,10.399493845339052,3
12.8777,77.5776,11.138149593936976,0
12.8777,77.5876,12.264065114125948,1
12.8777,77.5976,12.515819840512936,49
12.8777,77.6076,11.856096308486261,9
12.8777,77.6176,12.927455332145197,7
12.8777,77.6276,17.32792663733367,8
12.8777,77.6376,21.96844750931028,30
12.8777,77.6476,22.33463054636317,60
12.8777,77.6576,17.987599447744294,5
12.8777,77.6676,12.07499136896465,17
12.8777,77.6776,7.212968423290924,1
12.8777,77.6876,4.089313406592916,0
12.8777,77.6976,2.411349609083228,0
12.8777,77.7076,1.5950592036927822,0
12.8777,77.7176,1.164392867928005,0
12.8777,77.7276,0.9968982761121178,0
12.8777,77.7376,1.047453812331507,1
12.8777,77.7476,1.0861479631673447,0
12.8777,77.7576,0.9378977760689928,1
12.8777,77.7676,0.737942706011464,0
12.8877,77.4476,0.5237255818663331,0
12.8877,77.4576,0.6344101512788046,0
12.8877,77.4676,0.7945504994975485,0
12.8877,77.4776,0.8997421264808567,0
12.8877,77.4876,0.8934487777084954,0
12.8877,77.4976,0.9094313154041063,1
12.8877,77.5076,1.327317580266299,0
12.8877,77.5176,2.672734956292534,0
12.8877,77.5276,5.237363286069361,0
12.8877,77.5376,8.50821025346747,1
12.8877,77.5476,11.449477728288493,12
12.8877,77.5576,13.7226278566432,20
12.8877,77.5676,15.79439703910122,39
12.8877,77.5776,17.865792608350322,11
12.8877,77.5876,19.26154536025768,2
12.8877,77.5976,18.936642514424253,36
12.8877,77.6076,17.851626065575275,6
12.8877,77.6176,19.5533416706743,0
12.8877,77.6276,25.029616320274926,7
12.8877,77.6376,29.312271106734368,111
12.8877,77.6476,27.35447151125257,33
12.8877,77.6576,20.635151052276367,1
12.8877,77.6676,14.061872770658894,9
12.8877,77.6776,9.755957722714198,3
12.8877,77.6876,7.014978465015188,0
12.8877,77.6976,5.055001992586698,0
12.8877,77.7076,3.552417047264579,0
12.8877,77.7176,2.3779868519371554,0
12.8877,77.7276,1.6680887189647795,0
12.8877,77.7376,1.4526533975105298,5
12.8877,77.7476,1.3817491033274605,8
12.8877,77.7576,1.1527098115449048,5
12.8877,77.7676,0.8901102680408166,0
12.8977,77.4476,0.685142899976593,0
12.8977,77.4576,0.9631608482769414,3
12.8977,77.4676,1.4249613282474671,3
12.8977,77.4776,1.8249627695620876,0
12.8977,77.4876,1.939197925004422,0
12.8977,77.4976,1.9045400057958641,0
12.8977,77.5076,2.207907295089005,0
12.8977,77.5176,3.3725476799143475,0
12.8977,77.5276,5.726072333961461,0
12.8977,77.5376,9.08794155850661,1
12.8977,77.5476,12.912101901816438,2
12.8977,77.5576,17.239541783447965,4
12.8977,77.5676,22.351811732385663,23
12.8977,77.5776,27.101853272955232,4
12.8977,77.5876,29.21843472494485,17
12.8977,77.5976,27.878305966246685,28
12.8977,77.6076,25.80264205186742,6
12.8977,77.6176,27.319999179819295,11
12.8977,77.6276,32.357090470045904,13
12.8977,77.6376,34.91933230737095,54
12.8977,77.6476,30.76688516746311,12
12.8977,77.6576,23.185285956704742,19
12.8977,77.6676,17.613079214520017,0
12.8977,77.6776,14.812346104488004,23
12.8977,77.6876,12.523982422689288,2
12.8977,77.6976,9.671136167681267,0
12.8977,77.7076,6.596259997338737,14
12.8977,77.7176,3.9458498239354944,6
12.8977,77.7276,2.272401577258689,0
12.8977,77.7376,1.5796178438800246,0
12.8977,77.7476,1.3081562873414025,0
12.8977,77.7576,1.0134052872637513,0
12.8977,77.7676,0.7459126636379907,0
12.9077,77.4476,0.6850604806526588,1
12.9077,77.4576,1.120595336370478,0
12.9077,77.4676,1.9345019332394333,0
12.9077,77.4776,2.793748232971159,10
12.9077,77.4876,3.289831844948575,6
12.9077,77.4976,3.5231221960661143,0
12.9077,77.5076,4.06488272652216,2
12.9077,77.5176,5.33584971747406,4
12.9077,77.5276,7.511485891456937,3
12.9077,77.5376,10.681337672316985,25
12.9077,77.5476,14.977310548767434,39
12.9077,77.5576,21.146556945198235,9
12.9077,77.5676,29.490358046629403,14
12.9077,77.5776,37.35391956047588,83
12.9077,77.5876,40.595558063381546,81
12.9077,77.5976,38.62053306587996,56
12.9077,77.6076,35.64656828674347,9
12.9077,77.6176,35.965690595643835,3
12.9077,77.6276,38.55516867547029,100
12.9077,77.6376,38.08530073901534,76
12.9077,77.6476,32.321416843320335,48
12.9077,77.6576,25.594108911372544,2
12.9077,77.6676,22.500633759694356,1
12.9077,77.6776,21.930748468547534,41
12.9077,77.6876,20.127361234418615,24
12.9077,77.6976,15.795692477248046,34
12.9077,77.7076,10.283806667519993,15
12.9077,77.7176,5.574545697522731,0
12.9077,77.7276,2.8077242042222545,0
12.9077,77.7376,1.7063254495730178,0
12.9077,77.7476,1.2729844286135115,0
12.9077,77.7576,0.887965804492421,0
12.9077,77.7676,0.5838335877403404,0
12.9177,77.4476,0.5228065453663897,0
12.9177,77.4576,1.0196813674475003,0
12.9177,77.4676,2.0570774816649964,0
12.9177,77.4776,3.3794353644231245,8
12.9177,77.4876,4.544982306739465,10
12.9177,77.4976,5.595488855092481,7
12.9177,77.5076,7.030302089438301,0
12.9177,77.5176,8.923026938026204,12
12.9177,77.5276,11.01710157223074,0
12.9177,77.5376,13.67680389740611,3
12.9177,77.5476,18.038559073435135,4
12.9177,77.5576,25.60988134706194,18
12.9177,77.5676,36.39159753426062,26
12.9177,77.5776,46.41454901619872,80
12.9177,77.5876,50.54350789673681,50
12.9177,77.5976,48.683406889298354,51
12.9177,77.6076,45.45606897177281,51
12.9177,77.6176,43.87549780100399,42
12.9177,77.6276,42.357236297442995,37
12.9177,77.6376,37.86858519722887,46
12.9177,77.6476,30.870173859519586,51
12.9177,77.6576,25.929378411498988,1
12.9177,77.6676,26.07436759346696,64
12.9177,77.6776,28.513735189327782,35
12.9177,77.6876,28.109747072835624,8
12.9177,77.6976,22.81787976360799,8
12.9177,77.7076,14.763232788228937,0
12.9177,77.7176,7.72855158960397,0
12.9177,77.7276,3.8241701409480555,0
12.9177,77.7376,2.4441520495458873,6
12.9177,77.7476,1.9175944022482732,0
12.9177,77.7576,1.3209124540615762,0
12.9177,77.7676,0.8089862547674749,0
12.9277,77.4476,0.3253371151168043,0
12.9277,77.4576,0.7861288340665645,0
12.9277,77.4676,1.8731751880091663,0
12.9277,77.4776,3.561492229262008,2
12.9277,77.4876,5.581546355554815,3
12.9277,77.4976,7.958897949472655,6
12.9277,77.5076,11.011628656413645,3
12.9277,77.5176,14.288642279279944,21
12.9277,77.5276,16.790326389413003,2
12.9277,77.5376,18.951091034498486,2
12.9277,77.5476,23.145360033341447,29
12.9277,77.5576,31.77342393238312,12
12.9277,77.5676,44.108684922472435,16
12.9277,77.5776,54.88764025529191,71
12.9277,77.5876,58.881584637646554,110
12.9277,77.5976,56.80515815897435,19
12.9277,77.6076,53.01372097552098,57
12.9277,77.6176,49.00151203822779,72
12.9277,77.6276,43.13822934390717,35
12.9277,77.6376,34.90384257129299,42
12.9277,77.6476,26.864732285075675,12
12.9277,77.6576,23.147502744906937,5
12.9277,77.6676,25.551073191747346,28
12.9277,77.6776,30.9183681449172,92
12.9277,77.6876,33.37975209371817,74
12.9277,77.6976,29.230522909648577,50
12.9277,77.7076,20.12963187689298,0
12.9277,77.7176,11.306973416813355,0
12.9277,77.7276,6.232583950914267,0
12.9277,77.7376,4.435455118921407,2
12.9277,77.7476,3.6645329059856637,0
12.9277,77.7576,2.5817309233410746,0
12.9277,77.7676,1.5923908154360846,0
12.9377,77.4476,0.19504602852015998,0
12.9377,77.4576,0.5891556254504281,0
12.9377,77.4676,1.6434910044910085,0
12.9377,77.4776,3.596635142510372,0
12.9377,77.4876,6.4588838717289345,6
12.9377,77.4976,10.297998690340512,15
12.9377,77.5076,15.225730177990153,2
12.9377,77.5176,20.369169566194557,48
12.9377,77.5276,24.111526053562756,39
12.9377,77.5376,26.718644821968677,24
12.9377,77.5476,31.488684359772833,11
12.9377,77.5576,41.7226744735426,36
12.9377,77.5676,55.86209855411876,63
12.9377,77.5776,66.94478242309141,61
12.9377,77.5876,69.4057721274082,52
12.9377,77.5976,64.80632098826457,41
12.9377,77.6076,57.97577170720643,77
12.9377,77.6176,50.62737077580405,112
12.9377,77.6276,41.9701140946849,72
12.9377,77.6376,32.42603242282169,2
12.9377,77.6476,24.241370847070044,0
12.9377,77.6576,20.20990291637892,0
12.9377,77.6676,21.973589081361702,0
12.9377,77.6776,28.034005346293014,1
12.9377,77.6876,33.36670093428095,72
12.9377,77.6976,32.60018136149499,104
12.9377,77.7076,25.35326032556592,12
12.9377,77.7176,16.588829653455104,7
12.9377,77.7276,10.71468783511066,0
12.9377,77.7376,8.094840302820833,0
12.9377,77.7476,6.5552222466463235,28
12.9377,77.7576,4.539282465438793,0
12.9377,77.7676,2.791805855326445,0
12.9477,77.4476,0.14348264307869288,0
12.9477,77.4576,0.4755059228029265,0
12.9477,77.4676,1.4549013992647772,0
12.9477,77.4776,3.5203358025166605,3
12.9477,77.4876,6.980659648511177,11
12.9477,77.4976,11.963482489321544,19
12.9477,77.5076,18.30432245921088,5
12.9477,77.5176,25.062999362179937,19
12.9477,77.5276,30.89647070193105,62
12.9477,77.5376,36.00871010408887,55
12.9477,77.5476,43.47910306077817,4
12.9477,77.5576,56.815825794279206,9
12.9477,77.5676,74.00661402656844,80
12.9477,77.5776,86.16730740801655,101
12.9477,77.5876,86.28483517282261,57
12.9477,77.5976,76.56006192357034,93
12.9477,77.6076,63.78358812206528,53
12.9477,77.6176,52.1046521777844,22
12.9477,77.6276,42.41471971540622,23
12.9477,77.6376,34.259124257425036,14
12.9477,77.6476,26.948507359081376,4
12.9477,77.6576,21.174237960375713,1
12.9477,77.6676,19.364121584098783,0
12.9477,77.6776,22.962598473704748,1
12.9477,77.6876,29.263611232003026,9
12.9477,77.6976,32.41817376394968,61
12.9477,77.7076,29.388256865600724,0
12.9477,77.7176,22.796173394360693,17
12.9477,77.7276,16.777859978250845,0
12.9477,77.7376,12.939292004598464,0
12.9477,77.7476,10.032805310983568,17
12.9477,77.7576,6.714477128108429,1
12.9477,77.7676,4.079413693194089,0
12.9577,77.4476,0.17415806623851202,0
12.9577,77.4576,0.46435147278221484,0
12.9577,77.4676,1.3564081991362167,0
12.9577,77.4776,3.373932736864464,0
12.9577,77.4876,7.043774239119902,0
12.9577,77.4976,12.531178250951406,5
12.9577,77.5076,19.42161200463542,28
12.9577,77.5176,27.234159780493837,56
12.9577,77.5276,35.9948905901089,26
12.9577,77.5376,46.0044848694553,24
12.9577,77.5476,58.486824111411664,48
12.9577,77.5576,75.84618519880343,76
12.9577,77.5676,96.34293041253216,112
12.9577,77.5776,110.11718752870644,158
12.9577,77.5876,108.50539872311039,142
12.9577,77.5976,94.13480446190187,73
12.9577,77.6076,75.71412720273544,7
12.9577,77.6176,59.588614446754434,19
12.9577,77.6276,48.39143127106736,1
12.9577,77.6376,40.94815581126757,59
12.9577,77.6476,33.65150362856427,79
12.9577,77.6576,25.328941914774063,40
12.9577,77.6676,19.217145127387653,27
12.9577,77.6776,19.12841385863917,4
12.9577,77.6876,24.631080949721245,12
12.9577,77.6976,30.479463465119515,71
12.9577,77.7076,31.643947797721786,37
12.9577,77.7176,27.781213988124588,72
12.9577,77.7276,22.001523384484187,30
12.9577,77.7376,17.040461049790224,23
12.9577,77.7476,12.8280879218726,41
12.9577,77.7576,8.4187422714142,0
12.9577,77.7676,5.124624397945414,0
12.9677,77.4476,0.3356376074975844,0
12.9677,77.4576,0.6581283577902487,0
12.9677,77.4676,1.5833089996613043,0
12.9677,77.4776,3.5508846021712803,0
12.9677,77.4876,7.065916077448204,1
12.9677,77.4976,12.317822736275838,10
12.9677,77.5076,18.985816340007897,36
12.9677,77.5176,27.517857211860857,2
12.9677,77.5276,39.63258224927566,4
12.9677,77.5376,55.59580826522243,94
12.9677,77.5476,73.72188668676544,79
12.9677,77.5576,93.97017148789993,43
12.9677,77.5676,115.19832459691685,86
12.9677,77.5776,128.9035137656471,271
12.9677,77.5876,126.90821274524201,153
12.9677,77.5976,112.05626149834076,130
12.9677,77.6076,92.1941816530948,94
12.9677,77.6176,72.75846027796419,44
12.9677,77.6276,57.659040931308425,43
12.9677,77.6376,47.398640216240395,85
12.9677,77.6476,38.23551951540412,65
12.9677,77.6576,28.081373047436486,28
12.9677,77.6676,19.801446655997694,0
12.9677,77.6776,17.528341524836367,2
12.9677,77.6876,21.822984602468168,0
12.9677,77.6976,28.37878656630931,31
12.9677,77.7076,31.55145024696702,28
12.9677,77.7176,29.234658125015134,69
12.9677,77.7276,23.777544964956235,6
12.9677,77.7376,18.465765212501296,13
12.9677,77.7476,13.850787035513282,28
12.9677,77.7576,9.197487334921187,4
12.9677,77.7676,5.804082404815832,0
12.9777,77.4476,0.5964803381776962,0
12.9777,77.4576,1.0374889179362488,0
12.9777,77.4676,2.1660649433770733,0
12.9777,77.4776,4.190368800051658,0
12.9777,77.4876,7.330344475635375,3
12.9777,77.4976,11.823341996106869,0
12.9777,77.5076,17.8802042968721,21
12.9777,77.5176,26.918639657262016,18
12.9777,77.5276,41.67784653527593,20
12.9777,77.5376,62.2214079145982,75
12.9777,77.5476,84.28194844323687,166
12.9777,77.5576,104.56107709522699,109
12.9777,77.5676,121.89044337734579,120
12.9777,77.5776,131.63417658642524,331
12.9777,77.5876,129.50760478517736,130
12.9777,77.5976,118.31051029793059,139
12.9777,77.6076,101.697512747394,227
12.9777,77.6176,81.26689174758151,135
12.9777,77.6276,61.66831996534901,88
12.9777,77.6376,47.14257672423291,84
12.9777,77.6476,36.46698844271728,44
12.9777,77.6576,27.260115135243783,24
12.9777,77.6676,20.457629235761686,1
12.9777,77.6776,18.545446093305337,7
12.9777,77.6876,21.901492874713817,0
12.9777,77.6976,27.205044377130818,51
12.9777,77.7076,29.62949590421477,51
12.9777,77.7176,27.160131595119815,19
12.9777,77.7276,21.988940734917414,12
12.9777,77.7376,17.18894291643636,3
12.9777,77.7476,13.18684874026244,26
12.9777,77.7576,9.20193412247584,0
12.9777,77.7676,6.280931874353884,0
12.9877,77.4476,0.7437513173559146,3
12.9877,77.4576,1.2783453790149242,0
12.9877,77.4676,2.5712484439524763,1
12.9877,77.4776,4.613244254025334,21
12.9877,77.4876,7.295693414532889,11
12.9877,77.4976,10.926881078727668,15
12.9877,77.5076,16.408416828445233,29
12.9877,77.5176,25.77331305730955,25
12.9877,77.5276,41.722536430934774,26
12.9877,77.5376,63.920680486730085,42
12.9877,77.5476,86.7414389408176,98
12.9877,77.5576,104.06399449108004,168
12.9877,77.5676,113.98455187494298,54
12.9877,77.5776,116.54220915417447,144
12.9877,77.5876,113.0139497467159,72
12.9877,77.5976,106.06482084122763,125
12.9877,77.6076,94.63024646843272,170
12.9877,77.6176,76.36135548979126,46
12.9877,77.6276,55.666442873052404,0
12.9877,77.6376,39.68169355404977,7
12.9877,77.6476,30.057572807834426,24
12.9877,77.6576,24.476107161885327,18
12.9877,77.6676,21.59045048835501,13
12.9877,77.6776,21.69523144171635,6
12.9877,77.6876,24.482928995176387,13
12.9877,77.6976,27.39243724047718,0
12.9877,77.7076,27.18707458532309,42
12.9877,77.7176,23.27611488523547,34
12.9877,77.7276,18.140090762868965,18
12.9877,77.7376,14.204716982216755,32
12.9877,77.7476,11.410129003149667,24
12.9877,77.7576,8.71292574440487,6
12.9877,77.7676,6.6443323898807485,6
12.9977,77.4476,0.6188776001510742,0
12.9977,77.4576,1.112544546509068,0
12.9977,77.4676,2.310797758435466,0
12.9977,77.4776,4.152276816369414,1
12.9977,77.4876,6.404308831763324,10
12.9977,77.4976,9.459172545351846,0
12.9977,77.5076,14.733425872345308,1
12.9977,77.5176,24.410384432076846,2
12.9977,77.5276,40.30568773689501,29
12.9977,77.5376,61.30300371438585,47
12.9977,77.5476,81.59682804952969,123
12.9977,77.5576,94.10378124384405,98
12.9977,77.5676,96.57367835097952,156
12.9977,77.5776,92.29676036819384,52
12.9977,77.5876,86.36005489140614,72
12.9977,77.5976,81.25658326869043,56
12.9977,77.6076,73.8852042579259,131
12.9977,77.6176,60.385506297704126,123
12.9977,77.6276,43.63459849004961,30
12.9977,77.6376,30.38034997727928,7
12.9977,77.6476,23.496362833448213,4
12.9977,77.6576,21.311059569637013,25
12.9977,77.6676,21.61709025866518,60
12.9977,77.6776,23.55389756267425,58
12.9977,77.6876,26.1827187818678,44
12.9977,77.6976,27.083929979786227,64
12.9977,77.7076,24.272996794902816,14
12.9977,77.7176,18.763709984253264,14
12.9977,77.7276,13.511258642012692,1
12.9977,77.7376,10.40449218995693,0
12.9977,77.7476,8.968148885526485,0
12.9977,77.7576,7.768953540330578,14
12.9977,77.7676,6.663404052677201,0
13.0077,77.4476,0.35624831488096886,0
13.0077,77.4576,0.7139261215063176,0
13.0077,77.4676,1.628435788065623,0
13.0077,77.4776,3.133060754620228,0
13.0077,77.4876,5.1162481592319775,9
13.0077,77.4976,8.065878284835485,0
13.0077,77.5076,13.522572344319432,22
13.0077,77.5176,23.30932455634865,0
13.0077,77.5276,37.99534736062214,66
13.0077,77.5376,55.57000386346295,17
13.0077,77.5476,70.95174138628526,124
13.0077,77.5576,78.35240920654863,107
13.0077,77.5676,76.34616655915215,114
13.0077,77.5776,69.06118900183642,46
13.0077,77.5876,61.68147841514242,31
13.0077,77.5976,56.12543128632569,44
13.0077,77.6076,50.481282667216604,13
13.0077,77.6176,42.22848289275301,33
13.0077,77.6276,32.15634029071111,11
13.0077,77.6376,23.73612364035358,12
13.0077,77.6476,19.12844835552959,5
13.0077,77.6576,17.809945624046843,20
13.0077,77.6676,18.50192199755112,6
13.0077,77.6776,20.611544923637297,2
13.0077,77.6876,23.047076270932358,47
13.0077,77.6976,23.271339237912798,73
13.0077,77.7076,19.72559516910136,15
13.0077,77.7176,14.046913193116946,11
13.0077,77.7276,9.261489735140438,4
13.0077,77.7376,6.953308000554491,0
13.0077,77.7476,6.535103546852923,1
13.0077,77.7576,6.415606403301723,29
13.0077,77.7676,6.011701209145004,0
13.0177,77.4476,0.20220409972956457,0
13.0177,77.4576,0.4528136587178954,0
13.0177,77.4676,1.1412355253541984,0
13.0177,77.4776,2.443013678913682,0
13.0177,77.4876,4.485009056971864,6
13.0177,77.4976,7.786754236987948,4
13.0177,77.5076,13.48621870081009,0
13.0177,77.5176,22.5223108046936,1
13.0177,77.5276,34.47027565681722,66
13.0177,77.5376,47.14561143628888,53
13.0177,77.5476,56.97179837753242,63
13.0177,77.5576,60.684196147669596,82
13.0177,77.5676,58.155373464876604,8
13.0177,77.5776,52.276892809424425,8
13.0177,77.5876,45.572692718695706,53
13.0177,77.5976,39.08556433031675,17
13.0177,77.6076,33.59799347692325,4
13.0177,77.6176,29.157202176545205,18
13.0177,77.6276,24.796076970919856,10
13.0177,77.6376,20.227811423307607,39
13.0177,77.6476,16.356493011008155,18
13.0177,77.6576,13.9261967224632,26
13.0177,77.6676,13.086924413523334,0
13.0177,77.6776,13.896291788963744,11
13.0177,77.6876,15.555155252331144,1
13.0177,77.6976,15.90464901241468,13
13.0177,77.7076,13.52448982120322,24
13.0177,77.7176,9.546850779018165,0
13.0177,77.7276,6.247525113955641,0
13.0177,77.7376,4.811370909267994,0
13.0177,77.7476,4.771059916727093,0
13.0177,77.7576,4.89000610663368,15
13.0177,77.7676,4.689009159690328,1
13.0277,77.4476,0.34780310077179266,0
13.0277,77.4576,0.6187347653253704,0
13.0277,77.4676,1.339906845847752,0
13.0277,77.4776,2.8163864794532505,0
13.0277,77.4876,5.365554810554121,0
13.0277,77.4976,9.30783344820953,1
13.0277,77.5076,14.873896046865958,8
13.0277,77.5176,21.889245069059445,19
13.0277,77.5276,29.713232454802032,2
13.0277,77.5376,37.20732474722712,71
13.0277,77.5476,42.70263360834207,37
13.0277,77.5576,45.04252162787776,30
13.0277,77.5676,44.660205555994416,36
13.0277,77.5776,42.310813361269126,72
13.0277,77.5876,37.53258621362548,62
13.0277,77.5976,30.74773613323279,31
13.0277,77.6076,25.052738296277532,7
13.0277,77.6176,22.49131248880238,13
13.0277,77.6276,21.022222548402695,36
13.0277,77.6376,18.0012002546977,22
13.0277,77.6476,13.771628194150729,10
13.0277,77.6576,10.089177889374252,9
13.0277,77.6676,7.882579779215002,5
13.0277,77.6776,7.3356996387612226,0
13.0277,77.6876,7.939108320539807,0
13.0277,77.6976,8.346268734671327,4
13.0277,77.7076,7.5199024574653555,0
13.0277,77.7176,5.85322577713961,13
13.0277,77.7276,4.5034293214865775,0
13.0277,77.7376,4.0164231679463205,1
13.0277,77.7476,3.982097813203887,1
13.0277,77.7576,3.7707086482833043,0
13.0277,77.7676,3.400419729272784,0
13.0377,77.4476,1.017807672670766,0
13.0377,77.4576,1.4479651686077115,0
13.0377,77.4676,2.4572845959594485,0
13.0377,77.4776,4.398640964882216,0
13.0377,77.4876,7.6024604350412615,0
13.0377,77.4976,11.929507773834896,0
13.0377,77.5076,16.596766949782147,7
13.0377,77.5176,20.736328714302505,73
13.0377,77.5276,24.32687695274612,11
13.0377,77.5376,27.799406895554775,19
13.0377,77.5476,30.904007501326113,2
13.0377,77.5576,33.355602507757155,26
13.0377,77.5676,35.46142780326622,49
13.0377,77.5776,36.39448229369619,25
13.0377,77.5876,33.72847143081433,63
13.0377,77.5976,27.303571676055803,4
13.0377,77.6076,21.270838273441285,6
13.0377,77.6176,18.867582889518424,23
13.0377,77.6276,18.02954024382084,75
13.0377,77.6376,15.381871763834003,6
13.0377,77.6476,11.03169366704584,0
13.0377,77.6576,7.00364252183751,0
13.0377,77.6676,4.381737172681586,2
13.0377,77.6776,3.224330532639726,0
13.0377,77.6876,3.1211783931197745,0
13.0377,77.6976,3.3611879313111617,0
13.0377,77.7076,3.392974189274975,0
13.0377,77.7176,3.289869668389101,0
13.0377,77.7276,3.45090260348091,2
13.0377,77.7376,3.849056691407169,21
13.0377,77.7476,3.9578052025002686,0
13.0377,77.7576,3.515201456097226,0
13.0377,77.7676,2.973700487103322,0
13.0477,77.4476,2.268494931282609,0
13.0477,77.4576,2.8188780810883802,0
13.0477,77.4676,4.008190746161455,0
13.0477,77.4776,6.113332442879379,0
13.0477,77.4876,9.33412021023535,17
13.0477,77.4976,13.137637501140974,47
13.0477,77.5076,16.217734483678793,43
13.0477,77.5176,17.751312479578385,17
13.0477,77.5276,18.545770845532275,15
13.0477,77.5376,19.925391442032453,10
13.0477,77.5476,22.050772718459484,51
13.0477,77.5576,24.793294136960988,25
13.0477,77.5676,28.55875056178875,21
13.0477,77.5776,32.04545920692041,43
13.0477,77.5876,31.559335970061838,22
13.0477,77.5976,25.816736730662146,33
13.0477,77.6076,19.02445521331424,1
13.0477,77.6176,15.53943606292863,1
13.0477,77.6276,14.407397224177432,22
13.0477,77.6376,12.397239669090686,0
13.0477,77.6476,8.874095398538852,8
13.0477,77.6576,5.259139949528089,0
13.0477,77.6676,2.686198659638407,0
13.0477,77.6776,1.3853522647611958,0
13.0477,77.6876,1.0040334583349,0
13.0477,77.6976,1.0589572891938253,0
13.0477,77.7076,1.276860105993106,0
13.0477,77.7176,1.7138108854072205,0
13.0477,77.7276,2.517416208367461,0
13.0477,77.7376,3.449484713192277,0
13.0477,77.7476,3.905651884205011,18
13.0477,77.7576,3.65179484564843,5
13.0477,77.7676,3.200281527365124,0
13.0577,77.4476,3.4653933577312075,0
13.0577,77.4576,3.849299723295343,7
13.0577,77.4676,4.714254325269065,20
13.0577,77.4776,6.256095174002688,15
13.0577,77.4876,8.566196878756902,15
13.0577,77.4976,11.085531244792694,2
13.0577,77.5076,12.646884721541511,24
13.0577,77.5176,12.796018911573256,1
13.0577,77.5276,12.625745063293323,2
13.0577,77.5376,13.388027687963717,12
13.0577,77.5476,15.142998092716109,20
13.0577,77.5576,17.928681943870505,5
13.0577,77.5676,22.55910436378791,0
13.0577,77.5776,27.876322334327547,34
13.0577,77.5876,29.37211304731725,59
13.0577,77.5976,24.486239289710994,35
13.0577,77.6076,17.05460773932604,0
13.0577,77.6176,12.417281885938259,2
13.0577,77.6276,11.025989379410822,7
13.0577,77.6376,9.977992551516667,3
13.0577,77.6476,7.6309892403067,24
13.0577,77.6576,4.574780695132337,0
13.0577,77.6676,2.0902500842740634,0
13.0577,77.6776,0.765888800582811,0
13.0577,77.6876,0.31876455858894315,0
13.0577,77.6976,0.27458569905640223,0
13.0577,77.7076,0.42293733373318465,0
13.0577,77.7176,0.8234346205498301,0
13.0577,77.7276,1.584233019688406,0
13.0577,77.7376,2.52681083894997,2
13.0577,77.7476,3.1670482065842807,4
13.0577,77.7576,3.2397270957517095,9
13.0577,77.7676,3.0471454267100073,8
13.0677,77.4476,3.587177738928237,16
13.0677,77.4576,3.604865317283533,3
13.0677,77.4676,3.845912704239481,0
13.0677,77.4776,4.524580921619815,0
13.0677,77.4876,5.701200180792762,0
13.0677,77.4976,7.004594305004561,0
13.0677,77.5076,7.691743277347448,11
13.0677,77.5176,7.569602756072596,0
13.0677,77.5276,7.465153378507136,15
13.0677,77.5376,8.189046295345639,1
13.0677,77.5476,9.762678918315858,1
13.0677,77.5576,12.372674709008802,7
13.0677,77.5676,16.934701563617836,9
13.0677,77.5776,22.60282466061295,22
13.0677,77.5876,25.079617092178715,118
13.0677,77.5976,21.342333220688197,31
13.0677,77.6076,14.480550784503258,4
13.0677,77.6176,9.803153107227425,4
13.0677,77.6276,8.542171715526253,15
13.0677,77.6376,8.188198355525104,18
13.0677,77.6476,6.61335918566313,18
13.0677,77.6576,4.00635775139343,0
13.0677,77.6676,1.7400562018999521,0
13.0677,77.6776,0.5377673716592883,0
13.0677,77.6876,0.1353395316599574,0
13.0677,77.6976,0.06806213589167673,0
13.0677,77.7076,0.13583576499675357,0
13.0677,77.7176,0.36412298124826953,0
13.0677,77.7276,0.8252167231134582,0
13.0677,77.7376,1.436101178146254,2
13.0677,77.7476,1.92854661254844,0
13.0677,77.7576,2.1158230262643074,0
13.0677,77.7676,2.102991414576154,0
13.0777,77.4476,2.499994353325562,0
13.0777,77.4576,2.308192534147974,0
13.0777,77.4676,2.1807015361500484,0
13.0777,77.4776,2.343623007718392,0
13.0777,77.4876,2.833029954769366,0
13.0777,77.4976,3.4228651788036455,3
13.0777,77.5076,3.726067673783121,2
13.0777,77.5176,3.690862430003566,0
13.0777,77.5276,3.80701032087981,0
13.0777,77.5376,4.55744307917362,0
13.0777,77.5476,6.019294037005642,9
13.0777,77.5576,8.334352290275822,17
13.0777,77.5676,12.077011371329462,1
13.0777,77.5776,16.687727565623565,1
13.0777,77.5876,19.062062417557055,8
13.0777,77.5976,16.678089114763857,7
13.0777,77.6076,11.506567804776367,5
13.0777,77.6176,7.713511252219677,0
13.0777,77.6276,6.676617486474429,0
13.0777,77.6376,6.484732610664919,11
13.0777,77.6476,5.2216769190721015,1
13.0777,77.6576,3.0668495149928843,0
13.0777,77.6676,1.2621946678827167,0
13.0777,77.6776,0.3584386180667505,0
13.0777,77.6876,0.07218486679025156,0
13.0777,77.6976,0.020461610029271476,0
13.0777,77.7076,0.04555020338035014,0
13.0777,77.7176,0.14482846370788613,0
13.0777,77.7276,0.34716816416214225,0
13.0777,77.7376,0.6171657336930277,0
13.0777,77.7476,0.8479314864445677,0
13.0777,77.7576,0.962977036302964,0
13.0777,77.7676,0.9877133371160332,0
13.0877,77.4476,1.1646114168504016,0
13.0877,77.4576,1.0118564643018637,0
13.0877,77.4676,0.884852538530951,0
13.0877,77.4776,0.9331463705257197,0
13.0877,77.4876,1.1518801616661927,1
13.0877,77.4976,1.3939398153590457,1
13.0877,77.5076,1.4933372864169463,0
13.0877,77.5176,1.4854670820814597,0
13.0877,77.5276,1.6569811593041106,0
13.0877,77.5376,2.3256862938379568,0
13.0877,77.5476,3.65764578895813,0
13.0877,77.5576,5.7748366258457215,5
13.0877,77.5676,8.863923371157306,0
13.0877,77.5776,12.423932494191977,0
13.0877,77.5876,14.518127813468741,1
13.0877,77.5976,13.3758199010371,4
13.0877,77.6076,9.888789303246153,0
13.0877,77.6176,6.837704983267629,0
13.0877,77.6276,5.573814025670305,0
13.0877,77.6376,4.977284265998545,23
13.0877,77.6476,3.720250106314016,0
13.0877,77.6576,2.0236268490930005,0
13.0877,77.6676,0.7671115762671864,0
13.0877,77.6776,0.19992065930343536,0
13.0877,77.6876,0.03599051567471385,0
13.0877,77.6976,0.007256085997669474,0
13.0877,77.7076,0.014619140281559417,0
13.0877,77.7176,0.04812054245641772,0
13.0877,77.7276,0.11357683227110132,0
13.0877,77.7376,0.19597173397048298,0
13.0877,77.7476,0.26347301163511505,0
13.0877,77.7576,0.29859626125188754,0
13.0877,77.7676,0.30901398989114204,0
13.0977,77.4476,0.36083286720921304,0
13.0977,77.4576,0.3078634692061362,0
13.0977,77.4676,0.27907330056727464,0
13.0977,77.4776,0.3328029929661096,0
13.0977,77.4876,0.44051980233951327,1
13.0977,77.4976,0.5164714781133249,0
13.0977,77.5076,0.5121078126434453,0
13.0977,77.5176,0.48820397681945177,0
13.0977,77.5276,0.6061507325675284,0
13.0977,77.5376,1.0878121577388706,0
13.0977,77.5476,2.1907461266091603,0
13.0977,77.5576,4.152152794532483,0
13.0977,77.5676,6.986002032015723,15
13.0977,77.5776,10.108071252157286,35
13.0977,77.5876,12.261738130970148,26
13.0977,77.5976,12.265042541926231,55
13.0977,77.6076,10.230791661640493,0
13.0977,77.6176,7.679655406814797,0
13.0977,77.6276,5.7879308968051255,2
13.0977,77.6376,4.296727037639168,1
13.0977,77.6476,2.7011140210406985,0
13.0977,77.6576,1.2720096813011477,0
13.0977,77.6676,0.42395801473128214,0
13.0977,77.6776,0.09789820100060237,0
13.0977,77.6876,0.015619422001636862,0
13.0977,77.6976,0.002397544469505743,0
13.0977,77.7076,0.0037634891669825923,0
13.0977,77.7176,0.012162278008382122,0
13.0977,77.7276,0.027537260961067456,0
13.0977,77.7376,0.04490545058171911,0
13.0977,77.7476,0.057097690111095514,0
13.0977,77.7576,0.062409559190021266,0
13.0977,77.7676,0.06379465077289431,0
13.1077,77.4476,0.07473755441547242,0
13.1077,77.4576,0.06860222320447167,0
13.1077,77.4676,0.07961057363178449,0
13.1077,77.4776,0.12055431161539795,0
13.1077,77.4876,0.16666890677753254,0
13.1077,77.4976,0.1788395999395881,0
13.1077,77.5076,0.15282175580432195,0
13.1077,77.5176,0.13073671952594879,0
13.1077,77.5276,0.18945548974441462,0
13.1077,77.5376,0.4740555865449071,0
13.1077,77.5476,1.254896863603765,0
13.1077,77.5576,2.839585410657745,0
13.1077,77.5676,5.219767904269544,0
13.1077,77.5776,7.857782672265438,3
13.1077,77.5876,10.03593851435516,3
13.1077,77.5976,11.146599482389124,10
13.1077,77.6076,10.795682098387434,19
13.1077,77.6176,9.19200075658813,2
13.1077,77.6276,6.946318768344126,0
13.1077,77.6376,4.513036015752789,0
13.1077,77.6476,2.348215764762064,0
13.1077,77.6576,0.9153426104533835,0
13.1077,77.6676,0.256031958612838,0
13.1077,77.6776,0.05016411534738987,0
13.1077,77.6876,0.006822832747385148,0
13.1077,77.6976,0.0007658157005660176,0
13.1077,77.7076,0.000740245925004377,0
13.1077,77.7176,0.002212997076273553,0
13.1077,77.7276,0.004739709106884104,0
13.1077,77.7376,0.007242182614597161,0
13.1077,77.7476,0.008538627076825754,0
13.1077,77.7576,0.008745680669708617,0
13.1077,77.7676,0.008649007773249555,0
13.1177,77.4476,0.01072573699559434,0
13.1177,77.4576,0.012733601441222974,0
13.1177,77.4676,0.022349623175382218,0
13.1177,77.4776,0.0405947139494955,0
13.1177,77.4876,0.05558596495057285,0
13.1177,77.4976,0.053965919566662496,0
13.1177,77.5076,0.039143587329821775,0
13.1177,77.5176,0.02940560920157359,0
13.1177,77.5276,0.05599562309473629,0
13.1177,77.5376,0.2040888595897871,0
13.1177,77.5476,0.6760503261597739,0
13.1177,77.5576,1.7202550424179988,0
13.1177,77.5676,3.319968508973063,0
13.1177,77.5776,5.11427282700758,13
13.1177,77.5876,6.898652780199781,0
13.1177,77.5976,8.628721794062015,0
13.1177,77.6076,9.723065165633471,39
13.1177,77.6176,9.348319556908248,26
13.1177,77.6276,7.384770839792935,41
13.1177,77.6376,4.616116313844051,5
13.1177,77.6476,2.184496376775236,0
13.1177,77.6576,0.7530122924221043,0
13.1177,77.6676,0.1841688431308369,0
13.1177,77.6776,0.03147075921675794,0
13.1177,77.6876,0.003927383353842744,0
13.1177,77.6976,0.0007428270592410632,0
13.1177,77.7076,0.0006720933859303237,0
13.1177,77.7176,0.000734016695656446,0
13.1177,77.7276,0.0008025682692550868,0
13.1177,77.7376,0.0008839520987117832,0
13.1177,77.7476,0.0008777579061095978,0
13.1177,77.7576,0.0008032387141708344,0
13.1177,77.7676,0.0007508983918559195,0
13.1277,77.4476,0.0011581753044528893,0
13.1277,77.4576,0.002198155644693472,0
13.1277,77.4676,0.005440572479482968,0
13.1277,77.4776,0.010654108068841511,0
13.1277,77.4876,0.014233988905171259,0
13.1277,77.4976,0.012838702714796233,0
13.1277,77.5076,0.008242641079328662,0
13.1277,77.5176,0.006224293550903162,0
13.1277,77.5276,0.019656270015145926,0
13.1277,77.5376,0.09577541518295145,0
13.1277,77.5476,0.3550467351305575,0
13.1277,77.5576,0.9379780516880251,0
13.1277,77.5676,1.804841939977747,2
13.1277,77.5776,2.7581925580793136,3
13.1277,77.5876,3.8947130443646563,0
13.1277,77.5976,5.494539166847825,0
13.1277,77.6076,7.084768182298419,2
13.1277,77.6176,7.480053912117501,0
13.1277,77.6276,6.124361582764921,0
13.1277,77.6376,3.776888770253069,0
13.1277,77.6476,1.7102504045948863,0
13.1277,77.6576,0.5566028334285635,0
13.1277,77.6676,0.12933251942935275,0
13.1277,77.6776,0.023346914808139097,0
13.1277,77.6876,0.0063217614391023035,0
13.1277,77.6976,0.005140347982075905,0
13.1277,77.7076,0.005044735075606354,0
13.1277,77.7176,0.0037934095730993854,0
13.1277,77.7276,0.0020538564431785895,0
13.1277,77.7376,0.0008275826136735238,0
13.1277,77.7476,0.000267554471738094,0
13.1277,77.7576,7.2534412742026e-05,0
13.1277,77.7676,1.800311291585673e-05,0
13.1377,77.4476,7.586489161133838e-05,0
13.1377,77.4576,0.0003212710313470236,0
13.1377,77.4676,0.0009911324295232816,0
13.1377,77.4776,0.001985086193064644,0
13.1377,77.4876,0.0025896597427870795,0
13.1377,77.4976,0.0022210468610617687,0
13.1377,77.5076,0.001351422174160695,0
13.1377,77.5176,0.0016155177901777367,0
13.1377,77.5276,0.009112623255117568,0
13.1377,77.5376,0.04884646218621654,0
13.1377,77.5476,0.1813728813574974,0
13.1377,77.5576,0.46592360099480895,0
13.1377,77.5676,0.8605051931651915,1
13.1377,77.5776,1.283758675124454,0
13.1377,77.5876,1.9122043069146555,0
13.1377,77.5976,3.0698608965226812,0
13.1377,77.6076,4.4698171276717495,0
13.1377,77.6176,5.067846089370921,9
13.1377,77.6276,4.223455154858609,0
13.1377,77.6376,2.5445122282765427,0
13.1377,77.6476,1.1056373436868603,0
13.1377,77.6576,0.353537418683598,0
13.1377,77.6676,0.09760654666577886,0
13.1377,77.6776,0.04312406716633395,0
13.1377,77.6876,0.03725387495699005,0
13.1377,77.6976,0.035577117397637456,0
13.1377,77.7076,0.03033851307531329,0
13.1377,77.7176,0.020996073474413155,0
13.1377,77.7276,0.011096399150997758,0
13.1377,77.7376,0.0044823160081119825,0
13.1377,77.7476,0.0014238319816194135,0
13.1377,77.7576,0.0003537708142204395,0
13.1377,77.7676,7.24250994402045e-05,0
13.1477,77.4476,9.738093481441865e-06,0
13.1477,77.4576,4.0998265261089335e-05,0
13.1477,77.4676,0.00012539121261319922,0
13.1477,77.4776,0.0002477292110645745,0
13.1477,77.4876,0.0003161943448446769,0
13.1477,77.4976,0.00026174309182745313,0
13.1477,77.5076,0.0001815279482765459,0
13.1477,77.5176,0.0005893040959094855,0
13.1477,77.5276,0.004307606511049887,0
13.1477,77.5376,0.022766048885664334,0
13.1477,77.5476,0.08118463236065901,0
13.1477,77.5576,0.19983866357739208,0
13.1477,77.5676,0.360530795996424,0
13.1477,77.5776,0.5601759058241873,0
13.1477,77.5876,0.9505139766322903,0
13.1477,77.5976,1.7569333316544569,0
13.1477,77.6076,2.8124712376994845,0
13.1477,77.6176,3.3621997055185155,21
13.1477,77.6276,2.8605363862900393,0
13.1477,77.6376,1.7340290775164404,0
13.1477,77.6476,0.787393215577829,0
13.1477,77.6576,0.32950757470476555,0
13.1477,77.6676,0.2162968692270339,0
13.1477,77.6776,0.22828932777330574,0
13.1477,77.6876,0.2304437018580619,0
13.1477,77.6976,0.1930285208866475,0
13.1477,77.7076,0.13855826451817538,0
13.1477,77.7176,0.08530778306388417,0
13.1477,77.7276,0.0433944927185412,0
13.1477,77.7376,0.017984678479560912,0
13.1477,77.7476,0.006046964317718695,0
13.1477,77.7576,0.0015825755816920573,0
13.1477,77.7676,0.00033540077870805357,0
13.1577,77.4476,7.69585140302062e-07,0
13.1577,77.4576,3.219414599059018e-06,0
13.1577,77.4676,9.755536475292604e-06,0
13.1577,77.4776,1.9001190481677953e-05,0
13.1577,77.4876,2.372961524272904e-05,0
13.1577,77.4976,1.9001190481677953e-05,0
13.1577,77.5076,2.6053387336852983e-05,0
13.1577,77.5176,0.00021003047456064113,0
13.1577,77.5276,0.0016079249625958175,0
13.1577,77.5376,0.00829013293384276,0
13.1577,77.5476,0.02876903757607267,0
13.1577,77.5576,0.07108054372503603,0
13.1577,77.5676,0.14039103654287774,0
13.1577,77.5776,0.26781856151377,0
13.1577,77.5876,0.5463804376687902,0
13.1577,77.5976,1.0785861285112939,3
13.1577,77.6076,1.7710900210887577,0
13.1577,77.6176,2.202777677198664,0
13.1577,77.6276,2.0230302135817784,6
13.1577,77.6376,1.4375409814765456,0
13.1577,77.6476,0.920106474926217,0
13.1577,77.6576,0.7289604570678836,0
13.1577,77.6676,0.8542602598076983,0
13.1577,77.6776,1.0558945313732275,0
13.1577,77.6876,1.0488260437838055,0
13.1577,77.6976,0.8099941233452679,0
13.1577,77.7076,0.5150659842577685,0
13.1577,77.7176,0.28256168710724633,0
13.1577,77.7276,0.1338936869945307,0
13.1577,77.7376,0.054143971991857685,0
13.1577,77.7476,0.0182228370813442,0
13.1577,77.7576,0.00479938144602997,0
13.1577,77.7676,0.0010211612719039003,0
13.1677,77.5076,4.567150885637087e-06,0
13.1677,77.5176,5.588251599715982e-05,0
13.1677,77.5276,0.0004263819864503667,0
13.1677,77.5376,0.0022003543762386855,0
13.1677,77.5476,0.007846644091216833,0
13.1677,77.5576,0.022070352633744895,0
13.1677,77.5676,0.05727600815703868,0
13.1677,77.5776,0.14329900351347763,0
13.1677,77.5876,0.3192369155890495,0
13.1677,77.5976,0.6071301134404614,1
13.1677,77.6076,0.9793837626364894,0
13.1677,77.6176,1.3230705725380432,0
13.1677,77.6276,1.5206216862916562,0
13.1677,77.6376,1.576230730830403,0
13.1677,77.6476,1.6071008575569214,1
13.1677,77.6576,1.8890550271758086,0
13.1677,77.6676,2.6256805662439398,0
13.1677,77.6776,3.354420664237826,0
13.1677,77.6876,3.317289630441543,0
13.1677,77.6976,2.509150141530707,0
13.1677,77.7076,1.5350856822670416,2
13.1677,77.7176,0.7968091534018513,0
13.1677,77.7276,0.35265911414951606,0
13.1677,77.7376,0.13176044704086842,0
13.1677,77.7476,0.04099027435205421,0
13.1677,77.7576,0.010158936932556465,0
13.1677,77.7676,0.0020740625660287445,0
13.1777,77.5076,8.613219377708691e-07,0
13.1777,77.5176,1.0304694928435277e-05,0
13.1777,77.5276,7.7707908996412e-05,0
13.1777,77.5376,0.0004279967673519725,0
13.1777,77.5476,0.0017650731068995123,0
13.1777,77.5576,0.006709606450097565,0
13.1777,77.5676,0.023894920985280437,0
13.1777,77.5776,0.06964206622730891,0
13.1777,77.5876,0.15473378200424107,0
13.1777,77.5976,0.2782652102160156,0
13.1777,77.6076,0.4669358094494651,0
13.1777,77.6176,0.8048018065303357,0
13.1777,77.6276,1.3602122512152115,0
13.1777,77.6376,2.034393885675049,3
13.1777,77.6476,2.69884119788243,0
13.1777,77.6576,3.7211168787195383,0
13.1777,77.6676,5.518914006209714,0
13.1777,77.6776,7.175835456501484,0
13.1777,77.6876,7.168374783963192,1
13.1777,77.6976,5.513818699372621,1
13.1777,77.7076,3.447545739443651,0
13.1777,77.7176,1.8049746169549787,0
13.1777,77.7276,0.7751363922310051,1
13.1777,77.7376,0.26588971011377516,0
13.1777,77.7476,0.07270609280624835,0
13.1777,77.7576,0.01582515647386944,0
13.1777,77.7676,0.0029082985682329105,0
13.1877,77.5076,1.0765759564568988e-07,0
13.1877,77.5176,1.2645429954995e-06,0
13.1877,77.5276,9.442530019358925e-06,0
13.1877,77.5376,6.48556180253735e-05,0
13.1877,77.5476,0.00036503759678973067,0
13.1877,77.5576,0.0019525848946073418,0
13.1877,77.5676,0.008394553128388512,0
13.1877,77.5776,0.0257534852448332,0
13.1877,77.5876,0.056576091028726835,0
13.1877,77.5976,0.10424848611011404,0
13.1877,77.6076,0.22043964839900454,0
13.1877,77.6176,0.5571941100746642,0
13.1877,77.6276,1.271588655913374,0
13.1877,77.6376,2.271518016787306,4
13.1877,77.6476,3.38257624500601,24
13.1877,77.6576,5.073098905076126,0
13.1877,77.6676,7.840301508317426,0
13.1877,77.6776,10.360518785522551,60
13.1877,77.6876,10.543628383013793,31
13.1877,77.6976,8.398956176266086,3
13.1877,77.7076,5.511016860589571,0
13.1877,77.7176,2.997695307053996,0
13.1877,77.7276,1.289803903545075,0
13.1877,77.7376,0.41989969280235256,0
13.1877,77.7476,0.10254257703358519,0
13.1877,77.7576,0.019145837466847695,0
13.1877,77.7676,0.0029820967859236084,0
13.1977,77.5076,7.960399088441385e-09,0
13.1977,77.5176,9.173679746880711e-08,0
13.1977,77.5276,6.778483428332549e-07,0
13.1977,77.5376,8.456453428440917e-06,0
13.1977,77.5476,7.019967082087884e-05,0
13.1977,77.5576,0.00046762440635115637,0
13.1977,77.5676,0.002166806999358292,0
13.1977,77.5776,0.0067690779747702715,0
13.1977,77.5876,0.015401665438071215,0
13.1977,77.5976,0.03460241485321246,0
13.1977,77.6076,0.10873435151374183,0
13.1977,77.6176,0.364035119195716,0
13.1977,77.6276,0.9480410462292874,0
13.1977,77.6376,1.8296394476898534,0
13.1977,77.6476,2.93306303935632,2
13.1977,77.6576,4.717690706249769,3
13.1977,77.6676,7.566516253473296,1
13.1977,77.6776,10.165540917437067,39
13.1977,77.6876,10.572747569186197,14
13.1977,77.6976,8.76731289956714,23
13.1977,77.7076,6.061950427584251,34
13.1977,77.7176,3.44000934944932,2
13.1977,77.7276,1.503141921251745,0
13.1977,77.7376,0.4796803519312297,0
13.1977,77.7476,0.10974915394561975,0
13.1977,77.7576,0.018235037845347534,0
13.1977,77.7676,0.0023860167304212004,0
13.2077,77.5376,9.530587352396763e-07,0
13.2077,77.5476,1.0983187551175678e-05,0
13.2077,77.5576,8.13225573415711e-05,0
13.2077,77.5676,0.00038696822921711253,0
13.2077,77.5776,0.0012372160015122072,0
13.2077,77.5876,0.003222765486393336,0
13.2077,77.5976,0.010612117545629074,0
13.2077,77.6076,0.04688457656142039,0
13.2077,77.6176,0.17921149184929377,0
13.2077,77.6276,0.49501312147306253,0
13.2077,77.6376,1.007497454769883,0
13.2077,77.6476,1.7368990153195512,0
13.2077,77.6576,3.005516068451789,0
13.2077,77.6676,5.004145581008265,0
13.2077,77.6776,6.834374126017115,6
13.2077,77.6876,7.266825879238652,0
13.2077,77.6976,6.27523408453391,0
13.2077,77.7076,4.569742924125356,0
13.2077,77.7176,2.711847346678457,0
13.2077,77.7276,1.2193454793002514,0
13.2077,77.7376,0.39352515006472316,0
13.2077,77.7476,0.08905923817796757,0
13.2077,77.7576,0.01414073686697342,0
13.2077,77.7676,0.0016634446125662786,0
13.2177,77.5376,1.1561799473413127e-07,0
13.2177,77.5476,1.332398595702983e-06,0
13.2177,77.5576,9.845167969785758e-06,0
13.2177,77.5676,4.669139051617063e-05,0
13.2177,77.5776,0.00015712061397700876,0
13.2177,77.5876,0.0005481927870677561,0
13.2177,77.5976,0.0027743314409664527,0
13.2177,77.6076,0.014916654794443375,0
13.2177,77.6176,0.06078476517444785,0
13.2177,77.6276,0.17497833112001404,0
13.2177,77.6376,0.376543202523047,0
13.2177,77.6476,0.7062958681308138,0
13.2177,77.6576,1.323565041829284,0
13.2177,77.6676,2.291747629259919,0
13.2177,77.6776,3.195206909104667,0
13.2177,77.6876,3.5176374012455573,0
13.2177,77.6976,3.252254350695452,0
13.2177,77.7076,2.60522767056903,0
13.2177,77.7176,1.7122743337169273,0
13.2177,77.7276,0.8523423412987906,0
13.2177,77.7376,0.3048889964158151,0
13.2177,77.7476,0.07630896001264421,0
13.2177,77.7576,0.013182735427898874,0
13.2177,77.7676,0.0016456167455444232,0
13.2277,77.5376,7.960399088441385e-09,0
13.2277,77.5476,9.173679746880711e-08,0
13.2277,77.5576,6.778483428332549e-07,0
13.2277,77.5676,3.2114541999705766e-06,0
13.2277,77.5776,1.2742140239032046e-05,0
13.2277,77.5876,7.611847588373933e-05,0
13.2277,77.5976,0.0005492701456457113,0
13.2277,77.6076,0.0032710198041610117,0
13.2277,77.6176,0.01390923702909346,0
13.2277,77.6276,0.04176313840319874,0
13.2277,77.6376,0.09616208745949109,0
13.2277,77.6476,0.19932039590008002,0
13.2277,77.6576,0.4077622204896567,0
13.2277,77.6676,0.7440488970248942,0
13.2277,77.6776,1.1056807999720812,0
13.2277,77.6876,1.4018175140478182,0
13.2277,77.6976,1.6533635340630566,1
13.2277,77.7076,1.7556011329490517,0
13.2277,77.7176,1.489744149636088,0
13.2277,77.7276,0.9226471184005153,0
13.2277,77.7376,0.39773178416341326,0
13.2277,77.7476,0.11626386474447756,0
13.2277,77.7576,0.022664022726853368,0
13.2277,77.7676,0.003135439436993695,0
13.2377,77.4676,7.960399088441385e-09,0
13.2377,77.4776,9.173679746880711e-08,0
13.2377,77.4876,6.778483428332549e-07,0
13.2377,77.4976,3.2114541999705766e-06,0
13.2377,77.5076,9.755536475292604e-06,0
13.2377,77.5176,1.9001190481677953e-05,0
13.2377,77.5276,2.372961524272904e-05,0
13.2377,77.5376,1.9001190481677953e-05,0
13.2377,77.5476,9.755536475292604e-06,0
13.2377,77.5576,3.2114541999705766e-06,0
13.2377,77.5676,6.778483428332549e-07,0
13.2377,77.5776,4.825651846093597e-07,0
13.2377,77.5876,8.069303429598989e-06,0
13.2377,77.5976,7.630934458383297e-05,0
13.2377,77.6076,0.0004847041327180916,0
13.2377,77.6176,0.0021462951497099427,0
13.2377,77.6276,0.006773085595398263,0
13.2377,77.6376,0.016959653808604883,0
13.2377,77.6476,0.03959496354135869,0
13.2377,77.6576,0.09080439712273831,0
13.2377,77.6676,0.19012583008411005,0
13.2377,77.6776,0.3732785883934779,0
13.2377,77.6876,0.7420496198370201,0
13.2377,77.6976,1.3603507324308257,0
13.2377,77.7076,1.950363658073265,6
13.2377,77.7176,1.9904854433618864,1
13.2377,77.7276,1.38890743388232,0
13.2377,77.7376,0.6492803104242585,0
13.2377,77.7476,0.20068030477467627,0
13.2377,77.7576,0.040623758461437696,0
13.2377,77.7676,0.005788722100767438,0
13.2477,77.4676,9.96971965572485e-08,0
13.2477,77.4776,1.1489250007653688e-06,0
13.2477,77.4876,8.489471284119248e-06,0
13.2477,77.4976,4.022071972169883e-05,0
13.2477,77.5076,0.00012217975841322863,0
13.2477,77.5176,0.00023797367458928186,0
13.2477,77.5276,0.00029719315436299896,0
13.2477,77.5376,0.00023797367458928186,0
13.2477,77.5476,0.00012217975841322863,0
13.2477,77.5576,4.022071972169883e-05,0
13.2477,77.5676,8.489471284119248e-06,0
13.2477,77.5776,1.1807665971191344e-06,0
13.2477,77.5876,8.411675594926845e-07,0
13.2477,77.5976,7.302663309583936e-06,0
13.2477,77.6076,4.8000724317810904e-05,0
13.2477,77.6176,0.00022273008387466484,0
13.2477,77.6276,0.0007489608736767925,0
13.2477,77.6376,0.002084355087765241,0
13.2477,77.6476,0.005756051939071029,0
13.2477,77.6576,0.017022726288171197,0
13.2477,77.6676,0.055491828397399676,0
13.2477,77.6776,0.19380122349317158,0
13.2477,77.6876,0.5948521684088837,0
13.2477,77.6976,1.3623572762029965,0
13.2477,77.7076,2.1742582016350793,4
13.2477,77.7176,2.3552964477327403,19
13.2477,77.7276,1.7067897971754942,0
13.2477,77.7376,0.818302946125509,0
13.2477,77.7476,0.2572607926663192,0
13.2477,77.7576,0.052670619818730724,0
13.2477,77.7676,0.007571216383198938,0
13.2577,77.4676,7.69585140302062e-07,0
13.2577,77.4776,8.868811144582555e-06,0
13.2577,77.4876,6.553214307814183e-05,0
13.2577,77.4976,0.00031047280464199816,0
13.2577,77.5076,0.0009431331047159751,0
13.2577,77.5176,0.001836972453300889,0
13.2577,77.5276,0.0022941009706920605,0
13.2577,77.5376,0.001836972453300889,0
13.2577,77.5476,0.0009431331047159751,0
13.2577,77.5576,0.00031047280464199816,0
13.2577,77.5676,6.553214307814183e-05,0
13.2577,77.5776,8.868811144582555e-06,0
13.2577,77.5876,7.855059384789447e-07,0
13.2577,77.5976,2.0735479220293838e-07,0
13.2577,77.6076,1.6388674771613727e-06,0
13.2577,77.6176,9.409066575171781e-06,0
13.2577,77.6276,3.9855593801631215e-05,0
13.2577,77.6376,0.00014846512615098524,0
13.2577,77.6476,0.0006923975988311155,0
13.2577,77.6576,0.004145144012157135,0
13.2577,77.6676,0.025260082081209334,0
13.2577,77.6776,0.12549234114570101,0
13.2577,77.6876,0.4466676195250766,0
13.2577,77.6976,1.0929001220352355,0
13.2577,77.7076,1.8109117583431615,2
13.2577,77.7176,2.011635351802604,5
13.2577,77.7276,1.4837510940255392,0
13.2577,77.7376,0.7202110452977383,0
13.2577,77.7476,0.22834611736322716,0
13.2577,77.7576,0.04701712703117317,0
13.2577,77.7676,0.006788059955829189,0
13.2677,77.4676,3.889302542803832e-06,0
13.2677,77.4776,4.482088846301425e-05,0
13.2677,77.4876,0.0003311840592571258,0
13.2677,77.4976,0.0015690566323715766,0
13.2677,77.5076,0.004766373192879704,0
13.2677,77.5176,0.009283627320142264,0
13.2677,77.5276,0.011593847478992784,0
13.2677,77.5376,0.009283627320142264,0
13.2677,77.5476,0.004766373192879704,0
13.2677,77.5576,0.0015690566323715766,0
13.2677,77.5676,0.0003311840592571258,0
13.2677,77.5776,4.482088846301425e-05,0
13.2677,77.5876,3.889302542803832e-06,0
13.2677,77.6176,4.7762394530648315e-08,0
13.2677,77.6276,5.504207848128427e-07,0
13.2677,77.6376,4.744938399832785e-06,0
13.2677,77.6476,0.00012337360020545923,0
13.2677,77.6576,0.001556983018210311,0
13.2677,77.6676,0.012401946367351754,0
13.2677,77.6776,0.0680087640970599,0
13.2677,77.6876,0.2532879745663819,0
13.2677,77.6976,0.6376100607011534,0
13.2677,77.7076,1.078844653196124,0
13.2677,77.7176,1.2174753336787352,2
13.2677,77.7276,0.9084434552417188,0
13.2677,77.7376,0.44458754910347836,0
13.2677,77.7476,0.14175520016193147,0
13.2677,77.7576,0.029298582318453177,0
13.2677,77.7676,0.0042421840633098,0
13.2777,77.4676,1.296699067526318e-05,0
13.2777,77.4776,0.00014943348745966427,0
13.2777,77.4876,0.001104172421898309,0
13.2777,77.4976,0.005231257403352972,0
13.2777,77.5076,0.01589115685053891,0
13.2777,77.5176,0.03095174714953385,0
13.2777,77.5276,0.03865405442132139,0
13.2777,77.5376,0.03095174714953385,0
13.2777,77.5476,0.01589115685053891,0
13.2777,77.5576,0.005231257403352972,0
13.2777,77.5676,0.001104172421898309,0
13.2777,77.5776,0.00014943348745966427,0
13.2777,77.5876,1.296699067526318e-05,0
13.2777,77.6376,9.173679746880711e-08,0
13.2777,77.6476,3.748116801076361e-05,0
13.2777,77.6576,0.000576058328832057,0
13.2777,77.6676,0.00484984152773397,0
13.2777,77.6776,0.027451334262252533,0
13.2777,77.6876,0.10476259957375832,0
13.2777,77.6976,0.2691937565022619,0
13.2777,77.7076,0.4632411834536968,0
13.2777,77.7176,0.5297019835299397,0
13.2777,77.7276,0.39911876232614474,0
13.2777,77.7376,0.1966798379978877,0
13.2777,77.7476,0.06300838370276292,0
13.2777,77.7576,0.013064274792792388,0
13.2777,77.7676,0.0018961526614416856,0
13.2877,77.4676,2.8756726956970556e-05,0
13.2877,77.4776,0.00033139670604553993,0
13.2877,77.4876,0.002448708851971324,0
13.2877,77.4976,0.011601291661050644,0
13.2877,77.5076,0.03524161233902212,0
13.2877,77.5176,0.06864128801436588,0
13.2877,77.5276,0.08572259490355955,0
13.2877,77.5376,0.06864128801436588,0
13.2877,77.5476,0.03524161233902212,0
13.2877,77.5576,0.011601291661050644,0
13.2877,77.5676,0.002448708851971324,0
13.2877,77.5776,0.00033139670604553993,0
13.2877,77.5876,2.8756726956970556e-05,0
13.2877,77.6376,7.960399088441385e-09,0
13.2877,77.6476,9.792380151732705e-06,0
13.2877,77.6576,0.00016123194881826928,0
13.2877,77.6676,0.0013911919032874973,0
13.2877,77.6776,0.00807552383528501,0
13.2877,77.6876,0.03157940814368539,0
13.2877,77.6976,0.08293764723187864,0
13.2877,77.7076,0.14533051064813615,0
13.2877,77.7176,0.16852373627909958,0
13.2877,77.7276,0.12828573118141193,0
13.2877,77.7376,0.06367302244521267,0
13.2877,77.7476,0.020498312727228844,0
13.2877,77.7576,0.004264049040318119,0
13.2877,77.7676,0.0006204089741725634,0
13.2977,77.4676,4.273080572440699e-05,0
13.2977,77.4776,0.0004924360232278739,0
13.2977,77.4876,0.003638637400765076,0
13.2977,77.4976,0.017238837398369972,0
13.2977,77.5076,0.052366964172485264,0
13.2977,77.5176,0.10199691874544016,0
13.2977,77.5276,0.1273787366168994,1
13.2977,77.5376,0.10199691874544016,0
13.2977,77.5476,0.052366964172485264,0
13.2977,77.5576,0.017238837398369972,0
13.2977,77.5676,0.003638637400765076,0
13.2977,77.5776,0.0004924360232278739,0
13.2977,77.5876,4.273080572440699e-05,0
13.2977,77.6476,1.9857214613637665e-06,0
13.2977,77.6576,3.6412480997833566e-05,0
13.2977,77.6676,0.00032499640581071227,0
13.2977,77.6776,0.0019531038500166748,0
13.2977,77.6876,0.007891400878802012,0
13.2977,77.6976,0.02131942960351489,0
13.2977,77.7076,0.038211970164759496,0
13.2977,77.7176,0.04506844610743455,0
13.2977,77.7276,0.03472613637640363,0
13.2977,77.7376,0.017380680069036536,0
13.2977,77.7476,0.005626971678215152,0
13.2977,77.7576,0.001174890379723099,0
13.2977,77.7676,0.00017142160384310998,0
